sequence,Synthetic target sequence,PAM,Target sequence,log2fc,Unnamed: 5,Unnamed: 6,Unnamed: 7,Unnamed: 8,Unnamed: 9,Unnamed: 10,Unnamed: 11,Unnamed: 12,fold,group,class
TTTACTCCGCCCCACCTCCCCCAGCCC,ACACTGTGACACAGTGATTTACTCCGCCgCACCTCCCCCAGCCCAGCTTGGCGTAACTAGATCTTG,TTTA,TTTACTCCGCCgCACCTCCCCCAGCCC,1.021034075,,,,,,,,,0,0,0
TTTACTCCGCCCCACCTCCCCCAGCCC,ACGACGCTGTACGACGATTTACTaCGCCCCACCTCCCCCAGCCCAGCTTGGCGTAACTAGATCTTG,TTTA,TTTACTaCGCCCCACCTCCCCCAGCCC,1.894577429,,,,,,,,,0,0,0
TTTACTCCGCCCCACCTCCCCCAGCCC,ACTCATAGATCTCGCGATTTACTCCGCCCCACCTCCCCCAtCCCAGCTTGGCGTAACTAGATCTTG,TTTA,TTTACTCCGCCCCACCTCCCCCAtCCC,23.22064959,,,,,,,,,0,0,0
TTTACTCCGCCCCACCTCCCCCAGCCC,AGCAGATCAGTCAGAGATTTACgCCGCCCCACCTCCCCCAGCCCAGCTTGGCGTAACTAGATCTTG,TTTA,TTTACgCCGCCCCACCTCCCCCAGCCC,3.252243708,,,,,,,,,0,0,0
TTTACTCCGCCCCACCTCCCCCAGCCC,AGCGCTGACTCAGTGGATTTACTCCGCCCCACCTCtCCCAGCCCAGCTTGGCGTAACTAGATCTTG,TTTA,TTTACTCCGCCCCACCTCtCCCAGCCC,0.74209198,,,,,,,,,0,0,0
TTTACTCCGCCCCACCTCCCCCAGCCC,ATCTAGCGCATGACTGATTTACTCgGCCCCACCTCCCCCAGCCCAGCTTGGCGTAACTAGATCTTG,TTTA,TTTACTCgGCCCCACCTCCCCCAGCCC,0.705848769,,,,,,,,,0,0,0
TTTACTCCGCCCCACCTCCCCCAGCCC,ATCTGACACAGCATCGATTTACTCCGCCCCACCTCCtCCAGCCCAGCTTGGCGTAACTAGATCTTG,TTTA,TTTACTCCGCCCCACCTCCtCCAGCCC,0.474952432,,,,,,,,,0,0,0
TTTACTCCGCCCCACCTCCCCCAGCCC,CAGATCGACTGTACTGATTTACTCCGCCtCACCTCCCCCAGCCCAGCTTGGCGTAACTAGATCTTG,TTTA,TTTACTCCGCCtCACCTCCCCCAGCCC,4.653023298,,,,,,,,,0,0,0
TTTACTCCGCCCCACCTCCCCCAGCCC,CGATATCGCGCTCGCGATTTACTCCGCCCCACCTCCCCaAGCCCAGCTTGGCGTAACTAGATCTTG,TTTA,TTTACTCCGCCCCACCTCCCCaAGCCC,6.605922551,,,,,,,,,0,0,0
TTTACTCCGCCCCACCTCCCCCAGCCC,CGCGATACAGTGCGAGATTTACTCCGtCCCACCTCCCCCAGCCCAGCTTGGCGTAACTAGATCTTG,TTTA,TTTACTCCGtCCCACCTCCCCCAGCCC,2.294973545,,,,,,,,,0,0,0
TTTACTCCGCCCCACCTCCCCCAGCCC,CGTGCAGTGATCATGGATTTACTCCGCCCCACCTCCCCCtGCCCAGCTTGGCGTAACTAGATCTTG,TTTA,TTTACTCCGCCCCACCTCCCCCtGCCC,14.32383323,,,,,,,,,0,0,0
TTTACTCCGCCCCACCTCCCCCAGCCC,CTCGCTGTGCTCACGGATTTACTCCaCCCCACCTCCCCCAGCCCAGCTTGGCGTAACTAGATCTTG,TTTA,TTTACTCCaCCCCACCTCCCCCAGCCC,25.00532141,,,,,,,,,0,0,0
TTTACTCCGCCCCACCTCCCCCAGCCC,CTCTAGTAGTGACGCGATTTACTCCGCCCCACCTCCCaCAGCCCAGCTTGGCGTAACTAGATCTTG,TTTA,TTTACTCCGCCCCACCTCCCaCAGCCC,2.51401055,,,,,,,,,0,0,0
TTTACTCCGCCCCACCTCCCCCAGCCC,GACATATCGTGCACAGATTTACTCCGCCCCACaTCCCCCAGCCCAGCTTGGCGTAACTAGATCTTG,TTTA,TTTACTCCGCCCCACaTCCCCCAGCCC,0.0,,,,,,,,,0,0,0
TTTACTCCGCCCCACCTCCCCCAGCCC,GAGTCTCTACGAGCGGATTTACTCCGCCCaACCTCCCCCAGCCCAGCTTGGCGTAACTAGATCTTG,TTTA,TTTACTCCGCCCaACCTCCCCCAGCCC,5.043294402,,,,,,,,,0,0,0
TTTACTCCGCCCCACCTCCCCCAGCCC,GATATGTACGCTACTGATTTACTCCGCaCCACCTCCCCCAGCCCAGCTTGGCGTAACTAGATCTTG,TTTA,TTTACTCCGCaCCACCTCCCCCAGCCC,12.38200453,,,,,,,,,0,0,0
TTTACTCCGCCCCACCTCCCCCAGCCC,GATCAGAGTGAGATAGATTTACTCCGCCCCACCTCCCCCAGCCtAGCTTGGCGTAACTAGATCTTG,TTTA,TTTACTCCGCCCCACCTCCCCCAGCCt,10.00409601,,,,,,,,,0,0,0
TTTACTCCGCCCCACCTCCCCCAGCCC,GATGTGTCTGCTGACGATTTACTCCGCCCCgCCTCCCCCAGCCCAGCTTGGCGTAACTAGATCTTG,TTTA,TTTACTCCGCCCCgCCTCCCCCAGCCC,0.784559107,,,,,,,,,0,0,0
TTTACTCCGCCCCACCTCCCCCAGCCC,GCGAGAGCTACATGAGATTTACTCCGCCCCACCTCCaCCAGCCCAGCTTGGCGTAACTAGATCTTG,TTTA,TTTACTCCGCCCCACCTCCaCCAGCCC,0.265700483,,,,,,,,,0,0,0
TTTACTCCGCCCCACCTCCCCCAGCCC,GCGCTACTCATGTGTGATTTACTtCGCCCCACCTCCCCCAGCCCAGCTTGGCGTAACTAGATCTTG,TTTA,TTTACTtCGCCCCACCTCCCCCAGCCC,0.0,,,,,,,,,0,0,0
TTTACTCCGCCCCACCTCCCCCAGCCC,GCGTCGATCTACACAGATTTACTCCGCCCCACCTCCCCCAGtCCAGCTTGGCGTAACTAGATCTTG,TTTA,TTTACTCCGCCCCACCTCCCCCAGtCC,22.66406758,,,,,,,,,0,0,0
TTTACTCCGCCCCACCTCCCCCAGCCC,GCTCGTCAGTGAGAGGATTTACTCCGCCCgACCTCCCCCAGCCCAGCTTGGCGTAACTAGATCTTG,TTTA,TTTACTCCGCCCgACCTCCCCCAGCCC,44.89829224,,,,,,,,,0,0,0
TTTACTCCGCCCCACCTCCCCCAGCCC,GCTGAGACTATAGAGGATTTACTCCGCCCCAtCTCCCCCAGCCCAGCTTGGCGTAACTAGATCTTG,TTTA,TTTACTCCGCCCCAtCTCCCCCAGCCC,0.0,,,,,,,,,0,0,0
TTTACTCCGCCCCACCTCCCCCAGCCC,GTCATGCTATCGCTCGATTTACTCCGCCCtACCTCCCCCAGCCCAGCTTGGCGTAACTAGATCTTG,TTTA,TTTACTCCGCCCtACCTCCCCCAGCCC,2.445121423,,,,,,,,,0,0,0
TTTACTCCGCCCCACCTCCCCCAGCCC,GTGCATGAGACAGCTGATTTACTCCGCCCCACCTCCCCgAGCCCAGCTTGGCGTAACTAGATCTTG,TTTA,TTTACTCCGCCCCACCTCCCCgAGCCC,3.4026380510000003,,,,,,,,,0,0,0
TTTACTCCGCCCCACCTCCCCCAGCCC,TAGTCATCTAGCAGCGATTTACTCCGCCCCACCTCCCgCAGCCCAGCTTGGCGTAACTAGATCTTG,TTTA,TTTACTCCGCCCCACCTCCCgCAGCCC,4.900081057,,,,,,,,,0,0,0
TTTACTCCGCCCCACCTCCCCCAGCCC,TAGTCGTAGCGATGTGATTTACTCCtCCCCACCTCCCCCAGCCCAGCTTGGCGTAACTAGATCTTG,TTTA,TTTACTCCtCCCCACCTCCCCCAGCCC,0.854700855,,,,,,,,,0,0,0
TTTACTCCGCCCCACCTCCCCCAGCCC,TATATCAGTGATCTCGATTTACTCCGCCCCACCTgCCCCAGCCCAGCTTGGCGTAACTAGATCTTG,TTTA,TTTACTCCGCCCCACCTgCCCCAGCCC,0.0,,,,,,,,,0,0,0
TTTACTCCGCCCCACCTCCCCCAGCCC,TATCGACTATCGAGTGATTTACTCCGaCCCACCTCCCCCAGCCCAGCTTGGCGTAACTAGATCTTG,TTTA,TTTACTCCGaCCCACCTCCCCCAGCCC,6.218835057000001,,,,,,,,,0,0,0
TTTACTCCGCCCCACCTCCCCCAGCCC,TCTCATCTACTAGTAGATTTACTCCGCCCCACCaCCCCCAGCCCAGCTTGGCGTAACTAGATCTTG,TTTA,TTTACTCCGCCCCACCaCCCCCAGCCC,18.36820209,,,,,,,,,0,0,0
TTTACTCCGCCCCACCTCCCCCAGCCC,TGACGACTGAGTCTAGATTTACTCCGgCCCACCTCCCCCAGCCCAGCTTGGCGTAACTAGATCTTG,TTTA,TTTACTCCGgCCCACCTCCCCCAGCCC,1.492063609,,,,,,,,,0,0,0
TTTACTCCGCCCCACCTCCCCCAGCCC,TGACTCACGACAGTGGATTTACTCCGCCCCACCTCCCtCAGCCCAGCTTGGCGTAACTAGATCTTG,TTTA,TTTACTCCGCCCCACCTCCCtCAGCCC,2.054794521,,,,,,,,,0,0,0
TTTACTCCGCCCCACCTCCCCCAGCCC,TGCACATAGACTGTCGATTTAgTCCGCCCCACCTCCCCCAGCCCAGCTTGGCGTAACTAGATCTTG,TTTA,TTTAgTCCGCCCCACCTCCCCCAGCCC,1.0577238000000002,,,,,,,,,0,0,0
TTTACTCCGCCCCACCTCCCCCAGCCC,TGCAGCGAGTACTGAGATTTACTCCGCCCCACCTCCCCCAGCaCAGCTTGGCGTAACTAGATCTTG,TTTA,TTTACTCCGCCCCACCTCCCCCAGCaC,21.29785247,,,,,,,,,0,0,0
TTTACTCCGCCCCACCTCCCCCAGCCC,TGCATATGTACGTGTGATTTACTCCGCCaCACCTCCCCCAGCCCAGCTTGGCGTAACTAGATCTTG,TTTA,TTTACTCCGCCaCACCTCCCCCAGCCC,3.156989543,,,,,,,,,0,0,0
TTTACTCCGCCCCACCTCCCCCAGCCC,TGCGATCTGCAGTATGATTTACTCCGCCCCACCTCCgCCAGCCCAGCTTGGCGTAACTAGATCTTG,TTTA,TTTACTCCGCCCCACCTCCgCCAGCCC,9.866849324,,,,,,,,,0,0,0
TTTACTCCGCCCCACCTCCCCCAGCCC,TGCTCAGTACGTAGAGATTTACTCaGCCCCACCTCCCCCAGCCCAGCTTGGCGTAACTAGATCTTG,TTTA,TTTACTCaGCCCCACCTCCCCCAGCCC,0.775193798,,,,,,,,,0,0,0
TTTACTCTCCTAGGACCCTCCCTCTCG,ACACGCAGTCGTCTGGATTTACTCTCCaAGGACCCTCCCTCTCGAGCTTGGCGTAACTAGATCTTG,TTTA,TTTACTCTCCaAGGACCCTCCCTCTCG,6.311420375,,,,,,,,,1,1,1
TTTACTCTCCTAGGACCCTCCCTCTCG,ACGATGATGTCACATGATTTAtTCTCCTAGGACCCTCCCTCTCGAGCTTGGCGTAACTAGATCTTG,TTTA,TTTAtTCTCCTAGGACCCTCCCTCTCG,1.809439131,,,,,,,,,1,1,1
TTTACTCTCCTAGGACCCTCCCTCTCG,ACGCTATAGTCAGTGGATTTACTCTCCTAGGACCtTCCCTCTCGAGCTTGGCGTAACTAGATCTTG,TTTA,TTTACTCTCCTAGGACCtTCCCTCTCG,19.38193576,,,,,,,,,1,1,1
TTTACTCTCCTAGGACCCTCCCTCTCG,AGCGATCGTCAGTGTGATTTACaCTCCTAGGACCCTCCCTCTCGAGCTTGGCGTAACTAGATCTTG,TTTA,TTTACaCTCCTAGGACCCTCCCTCTCG,0.0,,,,,,,,,1,1,1
TTTACTCTCCTAGGACCCTCCCTCTCG,AGTCTCTAGCACATGGATTTACTCTCCTAGGACCCgCCCTCTCGAGCTTGGCGTAACTAGATCTTG,TTTA,TTTACTCTCCTAGGACCCgCCCTCTCG,10.22292673,,,,,,,,,1,1,1
TTTACTCTCCTAGGACCCTCCCTCTCG,ATCGCACAGTCGTGCGATTTACTCTCCgAGGACCCTCCCTCTCGAGCTTGGCGTAACTAGATCTTG,TTTA,TTTACTCTCCgAGGACCCTCCCTCTCG,2.996859021,,,,,,,,,1,1,1
TTTACTCTCCTAGGACCCTCCCTCTCG,ATCTCTACTGTGACGGATTTACTCTCCTAGGACCCTCCCTCTaGAGCTTGGCGTAACTAGATCTTG,TTTA,TTTACTCTCCTAGGACCCTCCCTCTaG,25.44136455,,,,,,,,,1,1,1
TTTACTCTCCTAGGACCCTCCCTCTCG,ATGTGAGCGAGTACTGATTTACTCTCCTAGGACgCTCCCTCTCGAGCTTGGCGTAACTAGATCTTG,TTTA,TTTACTCTCCTAGGACgCTCCCTCTCG,5.830817008,,,,,,,,,1,1,1
TTTACTCTCCTAGGACCCTCCCTCTCG,CACACGTGTCTCACTGATTTACTCTCaTAGGACCCTCCCTCTCGAGCTTGGCGTAACTAGATCTTG,TTTA,TTTACTCTCaTAGGACCCTCCCTCTCG,7.804800178,,,,,,,,,1,1,1
TTTACTCTCCTAGGACCCTCCCTCTCG,CACGAGCTGCGAGCTGATTTACTCTCCTAGGACCCTtCCTCTCGAGCTTGGCGTAACTAGATCTTG,TTTA,TTTACTCTCCTAGGACCCTtCCTCTCG,23.97299595,,,,,,,,,1,1,1
TTTACTCTCCTAGGACCCTCCCTCTCG,CACGCTATGACGTGAGATTTACTCTCCTAGcACCCTCCCTCTCGAGCTTGGCGTAACTAGATCTTG,TTTA,TTTACTCTCCTAGcACCCTCCCTCTCG,18.05336766,,,,,,,,,1,1,1
TTTACTCTCCTAGGACCCTCCCTCTCG,CACTAGCTCGCTGAGGATTTACTCTCCTAGGACCCTCgCTCTCGAGCTTGGCGTAACTAGATCTTG,TTTA,TTTACTCTCCTAGGACCCTCgCTCTCG,9.04018061,,,,,,,,,1,1,1
TTTACTCTCCTAGGACCCTCCCTCTCG,CACTGCGAGTCAGTGGATTTACcCTCCTAGGACCCTCCCTCTCGAGCTTGGCGTAACTAGATCTTG,TTTA,TTTACcCTCCTAGGACCCTCCCTCTCG,12.11186132,,,,,,,,,1,1,1
TTTACTCTCCTAGGACCCTCCCTCTCG,CAGCGCACAGACGCAGATTTACTCTCCTAGGACCCTCCCTCTCaAGCTTGGCGTAACTAGATCTTG,TTTA,TTTACTCTCCTAGGACCCTCCCTCTCa,23.02041398,,,,,,,,,1,1,1
TTTACTCTCCTAGGACCCTCCCTCTCG,CATCTCGTATGCGTGGATTTACTCTCCTAGGACCCTCCCgCTCGAGCTTGGCGTAACTAGATCTTG,TTTA,TTTACTCTCCTAGGACCCTCCCgCTCG,29.3247615,,,,,,,,,1,1,1
TTTACTCTCCTAGGACCCTCCCTCTCG,CGCACGAGCAGATATGATTTACTCTCCTAGGACCgTCCCTCTCGAGCTTGGCGTAACTAGATCTTG,TTTA,TTTACTCTCCTAGGACCgTCCCTCTCG,22.89433789,,,,,,,,,1,1,1
TTTACTCTCCTAGGACCCTCCCTCTCG,CGCAGTACAGTACAGGATTTACTCTCCTAGGcCCCTCCCTCTCGAGCTTGGCGTAACTAGATCTTG,TTTA,TTTACTCTCCTAGGcCCCTCCCTCTCG,8.277908096,,,,,,,,,1,1,1
TTTACTCTCCTAGGACCCTCCCTCTCG,CGCTGTCACTAGAGCGATTTACTCTCCTAGGACaCTCCCTCTCGAGCTTGGCGTAACTAGATCTTG,TTTA,TTTACTCTCCTAGGACaCTCCCTCTCG,20.85814507,,,,,,,,,1,1,1
TTTACTCTCCTAGGACCCTCCCTCTCG,CTAGTGTGAGAGTGCGATTTACTCTCCTAGGACCCTCCaTCTCGAGCTTGGCGTAACTAGATCTTG,TTTA,TTTACTCTCCTAGGACCCTCCaTCTCG,23.21103949,,,,,,,,,1,1,1
TTTACTCTCCTAGGACCCTCCCTCTCG,CTCAGACTACATGATGATTTACTgTCCTAGGACCCTCCCTCTCGAGCTTGGCGTAACTAGATCTTG,TTTA,TTTACTgTCCTAGGACCCTCCCTCTCG,1.3856271480000002,,,,,,,,,1,1,1
TTTACTCTCCTAGGACCCTCCCTCTCG,CTCGATGACAGTACGGATTTAgTCTCCTAGGACCCTCCCTCTCGAGCTTGGCGTAACTAGATCTTG,TTTA,TTTAgTCTCCTAGGACCCTCCCTCTCG,3.60177514,,,,,,,,,1,1,1
TTTACTCTCCTAGGACCCTCCCTCTCG,CTCGCGCGACATCTCGATTTACTCTCCTAaGACCCTCCCTCTCGAGCTTGGCGTAACTAGATCTTG,TTTA,TTTACTCTCCTAaGACCCTCCCTCTCG,17.01499308,,,,,,,,,1,1,1
TTTACTCTCCTAGGACCCTCCCTCTCG,CTGCATCGTACATCAGATTTACTCTCCTAGGACCCTCCCTCaCGAGCTTGGCGTAACTAGATCTTG,TTTA,TTTACTCTCCTAGGACCCTCCCTCaCG,31.54120736,,,,,,,,,1,1,1
TTTACTCTCCTAGGACCCTCCCTCTCG,CTGTCGACTCGCAGTGATTTACTCTCtTAGGACCCTCCCTCTCGAGCTTGGCGTAACTAGATCTTG,TTTA,TTTACTCTCtTAGGACCCTCCCTCTCG,0.217054264,,,,,,,,,1,1,1
TTTACTCTCCTAGGACCCTCCCTCTCG,GACAGACTCTCGCTCGATTTACTCTCCTAGGACCCTCCCTCTtGAGCTTGGCGTAACTAGATCTTG,TTTA,TTTACTCTCCTAGGACCCTCCCTCTtG,37.44889224,,,,,,,,,1,1,1
TTTACTCTCCTAGGACCCTCCCTCTCG,GACTGCAGCTCATCAGATTTACTCTCCTAGGACCCTCCCTaTCGAGCTTGGCGTAACTAGATCTTG,TTTA,TTTACTCTCCTAGGACCCTCCCTaTCG,30.56107578,,,,,,,,,1,1,1
TTTACTCTCCTAGGACCCTCCCTCTCG,GATACACGTCACGTAGATTTACTCTCCTAGGACCCTCCCTgTCGAGCTTGGCGTAACTAGATCTTG,TTTA,TTTACTCTCCTAGGACCCTCCCTgTCG,21.17753684,,,,,,,,,1,1,1
TTTACTCTCCTAGGACCCTCCCTCTCG,GCACGCGTACGCTACGATTTACTtTCCTAGGACCCTCCCTCTCGAGCTTGGCGTAACTAGATCTTG,TTTA,TTTACTtTCCTAGGACCCTCCCTCTCG,3.967658358,,,,,,,,,1,1,1
TTTACTCTCCTAGGACCCTCCCTCTCG,GCATACATACTCTACGATTTACTCTCCTgGGACCCTCCCTCTCGAGCTTGGCGTAACTAGATCTTG,TTTA,TTTACTCTCCTgGGACCCTCCCTCTCG,4.724509526,,,,,,,,,1,1,1
TTTACTCTCCTAGGACCCTCCCTCTCG,GCATACGTGTCACGCGATTTACTCTCCTtGGACCCTCCCTCTCGAGCTTGGCGTAACTAGATCTTG,TTTA,TTTACTCTCCTtGGACCCTCCCTCTCG,4.605716939,,,,,,,,,1,1,1
TTTACTCTCCTAGGACCCTCCCTCTCG,GCGTCTGTACGTCAGGATTTACTCTCCTAGGgCCCTCCCTCTCGAGCTTGGCGTAACTAGATCTTG,TTTA,TTTACTCTCCTAGGgCCCTCCCTCTCG,14.25176024,,,,,,,,,1,1,1
TTTACTCTCCTAGGACCCTCCCTCTCG,TACACGAGACGTACGGATTTACTCTCCTAGGACCCTCCCTCgCGAGCTTGGCGTAACTAGATCTTG,TTTA,TTTACTCTCCTAGGACCCTCCCTCgCG,23.00455789,,,,,,,,,1,1,1
TTTACTCTCCTAGGACCCTCCCTCTCG,TAGCTCGACATCGCAGATTTACTCTCCTAGaACCCTCCCTCTCGAGCTTGGCGTAACTAGATCTTG,TTTA,TTTACTCTCCTAGaACCCTCCCTCTCG,20.31807391,,,,,,,,,1,1,1
TTTACTCTCCTAGGACCCTCCCTCTCG,TATAGACGCACGAGTGATTTACTCTCCTAGGtCCCTCCCTCTCGAGCTTGGCGTAACTAGATCTTG,TTTA,TTTACTCTCCTAGGtCCCTCCCTCTCG,16.48306335,,,,,,,,,1,1,1
TTTACTCTCCTAGGACCCTCCCTCTCG,TATAGTGCGTGTGCGGATTTACTCTCCTAcGACCCTCCCTCTCGAGCTTGGCGTAACTAGATCTTG,TTTA,TTTACTCTCCTAcGACCCTCCCTCTCG,9.354084766,,,,,,,,,1,1,1
TTTACTCTCCTAGGACCCTCCCTCTCG,TCGACATGTCTCACAGATTTACTCTCCTAGGACCCTCCCcCTCGAGCTTGGCGTAACTAGATCTTG,TTTA,TTTACTCTCCTAGGACCCTCCCcCTCG,25.44185274,,,,,,,,,1,1,1
TTTACTCTCCTAGGACCCTCCCTCTCG,TCGCATCTCGCTGCGGATTTACTCTCgTAGGACCCTCCCTCTCGAGCTTGGCGTAACTAGATCTTG,TTTA,TTTACTCTCgTAGGACCCTCCCTCTCG,2.935654574,,,,,,,,,1,1,1
TTTACTCTCCTAGGACCCTCCCTCTCG,TCGTCGCATCAGAGCGATTTACTCTCCTAGGACCCTCCCTtTCGAGCTTGGCGTAACTAGATCTTG,TTTA,TTTACTCTCCTAGGACCCTCCCTtTCG,30.98002393,,,,,,,,,1,1,1
TTTACTCTCCTAGGACCCTCCCTCTCG,TCGTCGTAGTGTGCGGATTTACTCTtCTAGGACCCTCCCTCTCGAGCTTGGCGTAACTAGATCTTG,TTTA,TTTACTCTtCTAGGACCCTCCCTCTCG,0.0,,,,,,,,,1,1,1
TTTACTCTCCTAGGACCCTCCCTCTCG,TGACTCGCTCTATACGATTTACTCTCCTAGGACCCTCCCTCTgGAGCTTGGCGTAACTAGATCTTG,TTTA,TTTACTCTCCTAGGACCCTCCCTCTgG,40.23598694,,,,,,,,,1,1,1
TTTACTCTCCTAGGACCCTCCCTCTCG,TGCAGTACTGATCTCGATTTACTCTCCTAGGAaCCTCCCTCTCGAGCTTGGCGTAACTAGATCTTG,TTTA,TTTACTCTCCTAGGAaCCTCCCTCTCG,15.0326701,,,,,,,,,1,1,1
TTTACTGATGGTCCATGTCTGTTACTC,ACGAGACGACTACAGGATTTAaTGATGGTCCATGTCTGTTACTCAGCTTGGCGTAACTAGATCTTG,TTTA,TTTAaTGATGGTCCATGTCTGTTACTC,1.815978078,,,,,,,,,2,2,1
TTTACTGATGGTCCATGTCTGTTACTC,ACGATCAGATGTGTAGATTTACTGATGGTCCAgGTCTGTTACTCAGCTTGGCGTAACTAGATCTTG,TTTA,TTTACTGATGGTCCAgGTCTGTTACTC,16.55771879,,,,,,,,,2,2,1
TTTACTGATGGTCCATGTCTGTTACTC,ACTCGACGAGCTGAGGATTTACTGATtGTCCATGTCTGTTACTCAGCTTGGCGTAACTAGATCTTG,TTTA,TTTACTGATtGTCCATGTCTGTTACTC,0.0,,,,,,,,,2,2,1
TTTACTGATGGTCCATGTCTGTTACTC,ACTGATCAGACTAGTGATTTACTGATGGTCCAcGTCTGTTACTCAGCTTGGCGTAACTAGATCTTG,TTTA,TTTACTGATGGTCCAcGTCTGTTACTC,12.49968737,,,,,,,,,2,2,1
TTTACTGATGGTCCATGTCTGTTACTC,ACTGCTCTCGAGACGGATTTACTGATGGTCgATGTCTGTTACTCAGCTTGGCGTAACTAGATCTTG,TTTA,TTTACTGATGGTCgATGTCTGTTACTC,9.026214689,,,,,,,,,2,2,1
TTTACTGATGGTCCATGTCTGTTACTC,AGAGATCATCTCGCGGATTTACTGcTGGTCCATGTCTGTTACTCAGCTTGGCGTAACTAGATCTTG,TTTA,TTTACTGcTGGTCCATGTCTGTTACTC,1.037539154,,,,,,,,,2,2,1
TTTACTGATGGTCCATGTCTGTTACTC,AGCACTAGCGCGAGTGATTTACTGAcGGTCCATGTCTGTTACTCAGCTTGGCGTAACTAGATCTTG,TTTA,TTTACTGAcGGTCCATGTCTGTTACTC,8.379528885,,,,,,,,,2,2,1
TTTACTGATGGTCCATGTCTGTTACTC,AGCAGCGATCGCTAGGATTTAgTGATGGTCCATGTCTGTTACTCAGCTTGGCGTAACTAGATCTTG,TTTA,TTTAgTGATGGTCCATGTCTGTTACTC,12.68042549,,,,,,,,,2,2,1
TTTACTGATGGTCCATGTCTGTTACTC,AGCGCGATACACGCTGATTTACTGATGGTCCATGTCTGTTAaTCAGCTTGGCGTAACTAGATCTTG,TTTA,TTTACTGATGGTCCATGTCTGTTAaTC,53.94606889,,,,,,,,,2,2,1
TTTACTGATGGTCCATGTCTGTTACTC,AGCTACAGCATGCTGGATTTACTaATGGTCCATGTCTGTTACTCAGCTTGGCGTAACTAGATCTTG,TTTA,TTTACTaATGGTCCATGTCTGTTACTC,3.67721331,,,,,,,,,2,2,1
TTTACTGATGGTCCATGTCTGTTACTC,ATACGATCACACACTGATTTACTGATGGTCCATGTgTGTTACTCAGCTTGGCGTAACTAGATCTTG,TTTA,TTTACTGATGGTCCATGTgTGTTACTC,2.612217563,,,,,,,,,2,2,1
TTTACTGATGGTCCATGTCTGTTACTC,ATAGACACTATAGATGATTTACTGATGGTCCATGTCTGaTACTCAGCTTGGCGTAACTAGATCTTG,TTTA,TTTACTGATGGTCCATGTCTGaTACTC,19.56701238,,,,,,,,,2,2,1
TTTACTGATGGTCCATGTCTGTTACTC,ATCGAGTAGACGCACGATTTACTGATGGTCCATGTCTGTTACaCAGCTTGGCGTAACTAGATCTTG,TTTA,TTTACTGATGGTCCATGTCTGTTACaC,55.49209712,,,,,,,,,2,2,1
TTTACTGATGGTCCATGTCTGTTACTC,ATCGATCTAGCTGAGGATTTACTGATGGTCCATGTCTGTaACTCAGCTTGGCGTAACTAGATCTTG,TTTA,TTTACTGATGGTCCATGTCTGTaACTC,47.31081996,,,,,,,,,2,2,1
TTTACTGATGGTCCATGTCTGTTACTC,CACATATCGCACGTGGATTTACTGATGaTCCATGTCTGTTACTCAGCTTGGCGTAACTAGATCTTG,TTTA,TTTACTGATGaTCCATGTCTGTTACTC,34.70158834,,,,,,,,,2,2,1
TTTACTGATGGTCCATGTCTGTTACTC,CGATGCGATCAGTACGATTTACgGATGGTCCATGTCTGTTACTCAGCTTGGCGTAACTAGATCTTG,TTTA,TTTACgGATGGTCCATGTCTGTTACTC,2.09904731,,,,,,,,,2,2,1
TTTACTGATGGTCCATGTCTGTTACTC,CGTACGATCACTGATGATTTACTGATGGTCCATcTCTGTTACTCAGCTTGGCGTAACTAGATCTTG,TTTA,TTTACTGATGGTCCATcTCTGTTACTC,9.199664835,,,,,,,,,2,2,1
TTTACTGATGGTCCATGTCTGTTACTC,CGTGATATGCGCATCGATTTACTGAgGGTCCATGTCTGTTACTCAGCTTGGCGTAACTAGATCTTG,TTTA,TTTACTGAgGGTCCATGTCTGTTACTC,3.760055568,,,,,,,,,2,2,1
TTTACTGATGGTCCATGTCTGTTACTC,CGTGCGACAGTCTCTGATTTACaGATGGTCCATGTCTGTTACTCAGCTTGGCGTAACTAGATCTTG,TTTA,TTTACaGATGGTCCATGTCTGTTACTC,11.50128026,,,,,,,,,2,2,1
TTTACTGATGGTCCATGTCTGTTACTC,CGTGTCGCTGATCAGGATTTACTGATGGTCCcTGTCTGTTACTCAGCTTGGCGTAACTAGATCTTG,TTTA,TTTACTGATGGTCCcTGTCTGTTACTC,14.95773328,,,,,,,,,2,2,1
TTTACTGATGGTCCATGTCTGTTACTC,CTACTACTAGACGATGATTTACTGATGGTCCAaGTCTGTTACTCAGCTTGGCGTAACTAGATCTTG,TTTA,TTTACTGATGGTCCAaGTCTGTTACTC,8.597401359,,,,,,,,,2,2,1
TTTACTGATGGTCCATGTCTGTTACTC,CTAGTAGCGTGTGTGGATTTACTGATGGTCCATGTCTGcTACTCAGCTTGGCGTAACTAGATCTTG,TTTA,TTTACTGATGGTCCATGTCTGcTACTC,38.16265352,,,,,,,,,2,2,1
TTTACTGATGGTCCATGTCTGTTACTC,CTATCACTGCAGATCGATTTACTGATGGTCCATGTCgGTTACTCAGCTTGGCGTAACTAGATCTTG,TTTA,TTTACTGATGGTCCATGTCgGTTACTC,13.75388334,,,,,,,,,2,2,1
TTTACTGATGGTCCATGTCTGTTACTC,CTCAGCACACGACTCGATTTACTGATGGTCCATGaCTGTTACTCAGCTTGGCGTAACTAGATCTTG,TTTA,TTTACTGATGGTCCATGaCTGTTACTC,37.47355079,,,,,,,,,2,2,1
TTTACTGATGGTCCATGTCTGTTACTC,CTCTAGCGTCTCACGGATTTACTGATGGTCtATGTCTGTTACTCAGCTTGGCGTAACTAGATCTTG,TTTA,TTTACTGATGGTCtATGTCTGTTACTC,31.98993717,,,,,,,,,2,2,1
TTTACTGATGGTCCATGTCTGTTACTC,CTCTGCGTATATAGAGATTTACTGATGGTCCATGTCTGTTACTaAGCTTGGCGTAACTAGATCTTG,TTTA,TTTACTGATGGTCCATGTCTGTTACTa,55.77312763,,,,,,,,,2,2,1
TTTACTGATGGTCCATGTCTGTTACTC,CTGAGTATACTACGTGATTTACTGATGGTCCATGTCTGTcACTCAGCTTGGCGTAACTAGATCTTG,TTTA,TTTACTGATGGTCCATGTCTGTcACTC,29.37063964,,,,,,,,,2,2,1
TTTACTGATGGTCCATGTCTGTTACTC,CTGTCAGTGATCGCTGATTTACTGATGGTCCATGTCTGTTACTgAGCTTGGCGTAACTAGATCTTG,TTTA,TTTACTGATGGTCCATGTCTGTTACTg,40.24586976,,,,,,,,,2,2,1
TTTACTGATGGTCCATGTCTGTTACTC,GACTATCATAGCTCAGATTTACTGATGGTCCATGTCTGTTAgTCAGCTTGGCGTAACTAGATCTTG,TTTA,TTTACTGATGGTCCATGTCTGTTAgTC,54.86238468,,,,,,,,,2,2,1
TTTACTGATGGTCCATGTCTGTTACTC,GAGACGACAGTACGCGATTTACTcATGGTCCATGTCTGTTACTCAGCTTGGCGTAACTAGATCTTG,TTTA,TTTACTcATGGTCCATGTCTGTTACTC,5.701443951,,,,,,,,,2,2,1
TTTACTGATGGTCCATGTCTGTTACTC,GATCGATATACTCATGATTTACTGATGGTCCATGTaTGTTACTCAGCTTGGCGTAACTAGATCTTG,TTTA,TTTACTGATGGTCCATGTaTGTTACTC,13.94226853,,,,,,,,,2,2,1
TTTACTGATGGTCCATGTCTGTTACTC,GATCGATGAGCTACTGATTTACTGATGGTCCATGTCTtTTACTCAGCTTGGCGTAACTAGATCTTG,TTTA,TTTACTGATGGTCCATGTCTtTTACTC,6.608814445,,,,,,,,,2,2,1
TTTACTGATGGTCCATGTCTGTTACTC,GCAGTCTCGAGTAGCGATTTACTGATGGTCCATGTCTGTTACgCAGCTTGGCGTAACTAGATCTTG,TTTA,TTTACTGATGGTCCATGTCTGTTACgC,38.69165795,,,,,,,,,2,2,1
TTTACTGATGGTCCATGTCTGTTACTC,GCATACACTAGCTCGGATTTACTGATGGTCCATGTCTGTTAtTCAGCTTGGCGTAACTAGATCTTG,TTTA,TTTACTGATGGTCCATGTCTGTTAtTC,44.46916001,,,,,,,,,2,2,1
TTTACTGATGGTCCATGTCTGTTACTC,GCTATCAGTGTCAGCGATTTACTGATGGTCCATGTCTGTgACTCAGCTTGGCGTAACTAGATCTTG,TTTA,TTTACTGATGGTCCATGTCTGTgACTC,15.44797809,,,,,,,,,2,2,1
TTTACTGATGGTCCATGTCTGTTACTC,GCTGTGTCGTGACTCGATTTACTtATGGTCCATGTCTGTTACTCAGCTTGGCGTAACTAGATCTTG,TTTA,TTTACTtATGGTCCATGTCTGTTACTC,4.489658447,,,,,,,,,2,2,1
TTTACTGATGGTCCATGTCTGTTACTC,GTATCTCTATGCGTCGATTTACTGATGGTCCATGTCTGTTACTtAGCTTGGCGTAACTAGATCTTG,TTTA,TTTACTGATGGTCCATGTCTGTTACTt,43.46180308,,,,,,,,,2,2,1
TTTACTGATGGTCCATGTCTGTTACTC,GTCTCTGTCTGATGAGATTTACTGATGGTCCtTGTCTGTTACTCAGCTTGGCGTAACTAGATCTTG,TTTA,TTTACTGATGGTCCtTGTCTGTTACTC,20.59710272,,,,,,,,,2,2,1
TTTACTGATGGTCCATGTCTGTTACTC,TACTATATATGCGTGGATTTACTGATGGcCCATGTCTGTTACTCAGCTTGGCGTAACTAGATCTTG,TTTA,TTTACTGATGGcCCATGTCTGTTACTC,17.84257021,,,,,,,,,2,2,1
TTTACTGATGGTCCATGTCTGTTACTC,TACTGAGACTGTCGCGATTTACTGATGGTCCATGcCTGTTACTCAGCTTGGCGTAACTAGATCTTG,TTTA,TTTACTGATGGTCCATGcCTGTTACTC,55.05695254,,,,,,,,,2,2,1
TTTACTGATGGTCCATGTCTGTTACTC,TAGTAGCATCAGCTAGATTTACTGATGcTCCATGTCTGTTACTCAGCTTGGCGTAACTAGATCTTG,TTTA,TTTACTGATGcTCCATGTCTGTTACTC,9.30139778,,,,,,,,,2,2,1
TTTACTGATGGTCCATGTCTGTTACTC,TCGATCGATGTATCTGATTTACTGATGGTCCATGTCTGTTtCTCAGCTTGGCGTAACTAGATCTTG,TTTA,TTTACTGATGGTCCATGTCTGTTtCTC,39.4252545,,,,,,,,,2,2,1
TTTACTGATGGTCCATGTCTGTTACTC,TCGCATGACTACGAGGATTTACTGATGGTgCATGTCTGTTACTCAGCTTGGCGTAACTAGATCTTG,TTTA,TTTACTGATGGTgCATGTCTGTTACTC,9.520180971,,,,,,,,,2,2,1
TTTACTGATGGTCCATGTCTGTTACTC,TCTCAGACTGCTGACGATTTACTGATGGTCaATGTCTGTTACTCAGCTTGGCGTAACTAGATCTTG,TTTA,TTTACTGATGGTCaATGTCTGTTACTC,6.044003691,,,,,,,,,2,2,1
TTTACTGATGGTCCATGTCTGTTACTC,TGCGCGCGATGACGCGATTTACTGATGGTaCATGTCTGTTACTCAGCTTGGCGTAACTAGATCTTG,TTTA,TTTACTGATGGTaCATGTCTGTTACTC,34.13272642,,,,,,,,,2,2,1
TTTACTGATGGTCCATGTCTGTTACTC,TGCGCGCGTCTCGTCGATTTACTGATGtTCCATGTCTGTTACTCAGCTTGGCGTAACTAGATCTTG,TTTA,TTTACTGATGtTCCATGTCTGTTACTC,5.915257031,,,,,,,,,2,2,1
TTTACTGATGGTCCATGTCTGTTACTC,TGTACTCATCGCTACGATTTACTGAaGGTCCATGTCTGTTACTCAGCTTGGCGTAACTAGATCTTG,TTTA,TTTACTGAaGGTCCATGTCTGTTACTC,6.54988185,,,,,,,,,2,2,1
TTTACTGATGGTCCATGTCTGTTACTC,TGTATGCTCATACGCGATTTACTGATGGTCCATGTCTGgTACTCAGCTTGGCGTAACTAGATCTTG,TTTA,TTTACTGATGGTCCATGTCTGgTACTC,9.822790427000001,,,,,,,,,2,2,1
TTTACTGATGGTCCATGTCTGTTACTC,TGTGTACGATAGCTAGATTTACTGATGGgCCATGTCTGTTACTCAGCTTGGCGTAACTAGATCTTG,TTTA,TTTACTGATGGgCCATGTCTGTTACTC,7.554998541000002,,,,,,,,,2,2,1
TTTACTCCGCCCCACCTCCCCCAGCCC,ACACACGTGCGTCTGGATTTACTCCGCCCCACCctCCCCAGCCCAGCTTGGCGTAACTAGATCTTG,TTTA,TTTACTCCGCCCCACCctCCCCAGCCC,0.0,,,,,,,,,0,0,0
TTTACTCCGCCCCACCTCCCCCAGCCC,ACATGACAGCAGTGAGATTTACTCCGCCCCACCTCCtttgGCCCAGCTTGGCGTAACTAGATCTTG,TTTA,TTTACTCCGCCCCACCTCCtttgGCCC,0.0,,,,,,,,,0,0,0
TTTACTCCGCCCCACCTCCCCCAGCCC,ACGAGCAGCTGTCTCGATTTACTCCGCCCCACtctCCCCAGCCCAGCTTGGCGTAACTAGATCTTG,TTTA,TTTACTCCGCCCCACtctCCCCAGCCC,0.868936313,,,,,,,,,0,0,0
TTTACTCCGCCCCACCTCCCCCAGCCC,ACGATCGAGCTCAGAGATTTACTCCatttCACCTCCCCCAGCCCAGCTTGGCGTAACTAGATCTTG,TTTA,TTTACTCCatttCACCTCCCCCAGCCC,0.0,,,,,,,,,0,0,0
TTTACTCCGCCCCACCTCCCCCAGCCC,ACGCATACTGATCATGATTTACTCCGCCCCAttTCCCCCAGCCCAGCTTGGCGTAACTAGATCTTG,TTTA,TTTACTCCGCCCCAttTCCCCCAGCCC,15.43895468,,,,,,,,,0,0,0
TTTACTCCGCCCCACCTCCCCCAGCCC,ACGCTGAGCTCAGTGGATTTACTCtatttCACCTCCCCCAGCCCAGCTTGGCGTAACTAGATCTTG,TTTA,TTTACTCtatttCACCTCCCCCAGCCC,3.101633215,,,,,,,,,0,0,0
TTTACTCCGCCCCACCTCCCCCAGCCC,ACTAGATGCAGCAGCGATTTACTCCGCCCCACCTCttttgaCCCAGCTTGGCGTAACTAGATCTTG,TTTA,TTTACTCCGCCCCACCTCttttgaCCC,0.0,,,,,,,,,0,0,0
TTTACTCCGCCCCACCTCCCCCAGCCC,ACTCTACGCTGAGCGGATTTACTCCGttCCACCTCCCCCAGCCCAGCTTGGCGTAACTAGATCTTG,TTTA,TTTACTCCGttCCACCTCCCCCAGCCC,10.75798506,,,,,,,,,0,0,0
TTTACTCCGCCCCACCTCCCCCAGCCC,AGACATACACGTATGGATTTACTCCGCCCCACCTCttttAGCCCAGCTTGGCGTAACTAGATCTTG,TTTA,TTTACTCCGCCCCACCTCttttAGCCC,1.110324809,,,,,,,,,0,0,0
TTTACTCCGCCCCACCTCCCCCAGCCC,AGCATAGTGTGCACTGATTTACcttaCCCCACCTCCCCCAGCCCAGCTTGGCGTAACTAGATCTTG,TTTA,TTTACcttaCCCCACCTCCCCCAGCCC,0.96460295,,,,,,,,,0,0,0
TTTACTCCGCCCCACCTCCCCCAGCCC,AGTACAGCGAGTAGTGATTTACctCGCCCCACCTCCCCCAGCCCAGCTTGGCGTAACTAGATCTTG,TTTA,TTTACctCGCCCCACCTCCCCCAGCCC,0.0,,,,,,,,,0,0,0
TTTACTCCGCCCCACCTCCCCCAGCCC,AGTATAGTAGCGTGTGATTTACTCCGCCCCACCTCCCCCgattCAGCTTGGCGTAACTAGATCTTG,TTTA,TTTACTCCGCCCCACCTCCCCCgattC,15.68923195,,,,,,,,,0,0,0
TTTACTCCGCCCCACCTCCCCCAGCCC,AGTCGTGCGCGACTAGATTTACTCCGCCCtgttTCCCCCAGCCCAGCTTGGCGTAACTAGATCTTG,TTTA,TTTACTCCGCCCtgttTCCCCCAGCCC,8.909776031,,,,,,,,,0,0,0
TTTACTCCGCCCCACCTCCCCCAGCCC,AGTCTGACTGATAGAGATTTACTCCGCCCCACtcttCCCAGCCCAGCTTGGCGTAACTAGATCTTG,TTTA,TTTACTCCGCCCCACtcttCCCAGCCC,0.0,,,,,,,,,0,0,0
TTTACTCCGCCCCACCTCCCCCAGCCC,AGTGAGAGCGTCACTGATTTACTCCGCCCCgttcttCCCAGCCCAGCTTGGCGTAACTAGATCTTG,TTTA,TTTACTCCGCCCCgttcttCCCAGCCC,0.0,,,,,,,,,0,0,0
TTTACTCCGCCCCACCTCCCCCAGCCC,AGTGAGAGCTCGATAGATTTACTttatCCCACCTCCCCCAGCCCAGCTTGGCGTAACTAGATCTTG,TTTA,TTTACTttatCCCACCTCCCCCAGCCC,0.31274687,,,,,,,,,0,0,0
TTTACTCCGCCCCACCTCCCCCAGCCC,AGTGCGTGTAGTACTGATTTACTttGCCCCACCTCCCCCAGCCCAGCTTGGCGTAACTAGATCTTG,TTTA,TTTACTttGCCCCACCTCCCCCAGCCC,6.558646812999999,,,,,,,,,0,0,0
TTTACTCCGCCCCACCTCCCCCAGCCC,ATATGCGATGAGTACGATTTACTCtatCCCACCTCCCCCAGCCCAGCTTGGCGTAACTAGATCTTG,TTTA,TTTACTCtatCCCACCTCCCCCAGCCC,1.784543326,,,,,,,,,0,0,0
TTTACTCCGCCCCACCTCCCCCAGCCC,ATGTATATGCTCACAGATTTACTCCGCCCCAttctttCCAGCCCAGCTTGGCGTAACTAGATCTTG,TTTA,TTTACTCCGCCCCAttctttCCAGCCC,0.0,,,,,,,,,0,0,0
TTTACTCCGCCCCACCTCCCCCAGCCC,ATGTATCGCATGAGCGATTTACTCCGCtttACCTCCCCCAGCCCAGCTTGGCGTAACTAGATCTTG,TTTA,TTTACTCCGCtttACCTCCCCCAGCCC,14.96712742,,,,,,,,,0,0,0
TTTACTCCGCCCCACCTCCCCCAGCCC,CACGCGTGTACAGCGGATTTAtctCGCCCCACCTCCCCCAGCCCAGCTTGGCGTAACTAGATCTTG,TTTA,TTTAtctCGCCCCACCTCCCCCAGCCC,1.309328969,,,,,,,,,0,0,0
TTTACTCCGCCCCACCTCCCCCAGCCC,CACGCTATACTCGTCGATTTACTCCGCCCCACCTCCCttgGCCCAGCTTGGCGTAACTAGATCTTG,TTTA,TTTACTCCGCCCCACCTCCCttgGCCC,1.533898481,,,,,,,,,0,0,0
TTTACTCCGCCCCACCTCCCCCAGCCC,CAGCGCTACTCTGACGATTTACTCCattttACCTCCCCCAGCCCAGCTTGGCGTAACTAGATCTTG,TTTA,TTTACTCCattttACCTCCCCCAGCCC,0.666784076,,,,,,,,,0,0,0
TTTACTCCGCCCCACCTCCCCCAGCCC,CAGCTCTATACACTCGATTTAtcCCGCCCCACCTCCCCCAGCCCAGCTTGGCGTAACTAGATCTTG,TTTA,TTTAtcCCGCCCCACCTCCCCCAGCCC,4.146341463,,,,,,,,,0,0,0
TTTACTCCGCCCCACCTCCCCCAGCCC,CAGCTCTATAGTGTGGATTTACTCCGCCCCgtCTCCCCCAGCCCAGCTTGGCGTAACTAGATCTTG,TTTA,TTTACTCCGCCCCgtCTCCCCCAGCCC,0.0,,,,,,,,,0,0,0
TTTACTCCGCCCCACCTCCCCCAGCCC,CATGATGTGACTACAGATTTACTCCGCtttgtCTCCCCCAGCCCAGCTTGGCGTAACTAGATCTTG,TTTA,TTTACTCCGCtttgtCTCCCCCAGCCC,0.0,,,,,,,,,0,0,0
TTTACTCCGCCCCACCTCCCCCAGCCC,CGACGTGAGATATGTGATTTACTCCGCCCCACCTCCCCCgaCCCAGCTTGGCGTAACTAGATCTTG,TTTA,TTTACTCCGCCCCACCTCCCCCgaCCC,9.526574798,,,,,,,,,0,0,0
TTTACTCCGCCCCACCTCCCCCAGCCC,CGAGACTCTCGTGCTGATTTACTCCGCCCCgttTCCCCCAGCCCAGCTTGGCGTAACTAGATCTTG,TTTA,TTTACTCCGCCCCgttTCCCCCAGCCC,1.481032582,,,,,,,,,0,0,0
TTTACTCCGCCCCACCTCCCCCAGCCC,CGATGTCGTCATATGGATTTACTCCGCCCCACCTCCCttgatCCAGCTTGGCGTAACTAGATCTTG,TTTA,TTTACTCCGCCCCACCTCCCttgatCC,0.0,,,,,,,,,0,0,0
TTTACTCCGCCCCACCTCCCCCAGCCC,CGCTATATGTATGCTGATTTACTCCGttttgtCTCCCCCAGCCCAGCTTGGCGTAACTAGATCTTG,TTTA,TTTACTCCGttttgtCTCCCCCAGCCC,0.251529309,,,,,,,,,0,0,0
TTTACTCCGCCCCACCTCCCCCAGCCC,CGTCGAGCGTCGTGTGATTTACTCCGCCCCACCTttttCAGCCCAGCTTGGCGTAACTAGATCTTG,TTTA,TTTACTCCGCCCCACCTttttCAGCCC,3.671074167,,,,,,,,,0,0,0
TTTACTCCGCCCCACCTCCCCCAGCCC,CTACGACTCTGATACGATTTACTCCGCtttgCCTCCCCCAGCCCAGCTTGGCGTAACTAGATCTTG,TTTA,TTTACTCCGCtttgCCTCCCCCAGCCC,0.0,,,,,,,,,0,0,0
TTTACTCCGCCCCACCTCCCCCAGCCC,CTATCATCGTCTCTAGATTTACTCCGCCttACCTCCCCCAGCCCAGCTTGGCGTAACTAGATCTTG,TTTA,TTTACTCCGCCttACCTCCCCCAGCCC,2.175826072,,,,,,,,,0,0,0
TTTACTCCGCCCCACCTCCCCCAGCCC,CTATGTCACGAGCTCGATTTACTttaCCCCACCTCCCCCAGCCCAGCTTGGCGTAACTAGATCTTG,TTTA,TTTACTttaCCCCACCTCCCCCAGCCC,0.159724397,,,,,,,,,0,0,0
TTTACTCCGCCCCACCTCCCCCAGCCC,CTCAGCGTCGCGTGTGATTTACTCCGCCCCACCTCttttgGCCCAGCTTGGCGTAACTAGATCTTG,TTTA,TTTACTCCGCCCCACCTCttttgGCCC,6.587014912000001,,,,,,,,,0,0,0
TTTACTCCGCCCCACCTCCCCCAGCCC,CTCTCAGAGACGTGAGATTTACTCCGCCCCACCTCCCttgaCCCAGCTTGGCGTAACTAGATCTTG,TTTA,TTTACTCCGCCCCACCTCCCttgaCCC,0.098715537,,,,,,,,,0,0,0
TTTACTCCGCCCCACCTCCCCCAGCCC,CTGCGCTGACTATGAGATTTACTCCGCCCCACCctttttAGCCCAGCTTGGCGTAACTAGATCTTG,TTTA,TTTACTCCGCCCCACCctttttAGCCC,0.011886431,,,,,,,,,0,0,0
TTTACTCCGCCCCACCTCCCCCAGCCC,CTGTCACTCTAGTAGGATTTACTCCGCCttgCCTCCCCCAGCCCAGCTTGGCGTAACTAGATCTTG,TTTA,TTTACTCCGCCttgCCTCCCCCAGCCC,6.219233964,,,,,,,,,0,0,0
TTTACTCCGCCCCACCTCCCCCAGCCC,GCGATAGTCTAGCTCGATTTACTttattCCACCTCCCCCAGCCCAGCTTGGCGTAACTAGATCTTG,TTTA,TTTACTttattCCACCTCCCCCAGCCC,3.087258864,,,,,,,,,0,0,0
TTTACTCCGCCCCACCTCCCCCAGCCC,GCGTCGTGTGACTATGATTTACTttatttCACCTCCCCCAGCCCAGCTTGGCGTAACTAGATCTTG,TTTA,TTTACTttatttCACCTCCCCCAGCCC,0.898203593,,,,,,,,,0,0,0
TTTACTCCGCCCCACCTCCCCCAGCCC,GCGTCTACAGTGATCGATTTACTCCGCCCCACCTtttttgGCCCAGCTTGGCGTAACTAGATCTTG,TTTA,TTTACTCCGCCCCACCTtttttgGCCC,1.543961338,,,,,,,,,0,0,0
TTTACTCCGCCCCACCTCCCCCAGCCC,GCTCGCGTGCGACGAGATTTACTCCGCCCCACCTCCCCtgGCCCAGCTTGGCGTAACTAGATCTTG,TTTA,TTTACTCCGCCCCACCTCCCCtgGCCC,8.858652525,,,,,,,,,0,0,0
TTTACTCCGCCCCACCTCCCCCAGCCC,GTATCGATCTACGAGGATTTACcttatCCCACCTCCCCCAGCCCAGCTTGGCGTAACTAGATCTTG,TTTA,TTTACcttatCCCACCTCCCCCAGCCC,7.485757015,,,,,,,,,0,0,0
TTTACTCCGCCCCACCTCCCCCAGCCC,GTATCTCGCAGCGAGGATTTACTCCGCCCCgttcCCCCCAGCCCAGCTTGGCGTAACTAGATCTTG,TTTA,TTTACTCCGCCCCgttcCCCCCAGCCC,0.336685824,,,,,,,,,0,0,0
TTTACTCCGCCCCACCTCCCCCAGCCC,GTATGCTATACGCGTGATTTACTCCGCCCCACCTtttCCAGCCCAGCTTGGCGTAACTAGATCTTG,TTTA,TTTACTCCGCCCCACCTtttCCAGCCC,0.0,,,,,,,,,0,0,0
TTTACTCCGCCCCACCTCCCCCAGCCC,GTCACACTGAGCGACGATTTACTCCGCCttgtCTCCCCCAGCCCAGCTTGGCGTAACTAGATCTTG,TTTA,TTTACTCCGCCttgtCTCCCCCAGCCC,0.09976677,,,,,,,,,0,0,0
TTTACTCCGCCCCACCTCCCCCAGCCC,GTCGCTCGTCAGTGAGATTTACTCCGCCCCACCctttCCAGCCCAGCTTGGCGTAACTAGATCTTG,TTTA,TTTACTCCGCCCCACCctttCCAGCCC,0.0,,,,,,,,,0,0,0
TTTACTCCGCCCCACCTCCCCCAGCCC,GTGAGTCGTGCACTAGATTTACTCCGCCCCACtcCCCCCAGCCCAGCTTGGCGTAACTAGATCTTG,TTTA,TTTACTCCGCCCCACtcCCCCCAGCCC,1.70964613,,,,,,,,,0,0,0
TTTACTCCGCCCCACCTCCCCCAGCCC,GTGCGATAGTACTACGATTTACTCCGCCCCACCTCCCttgattCAGCTTGGCGTAACTAGATCTTG,TTTA,TTTACTCCGCCCCACCTCCCttgattC,0.0,,,,,,,,,0,0,0
TTTACTCCGCCCCACCTCCCCCAGCCC,GTGTCTCAGACAGACGATTTACTCCGCCCCACtcttttCAGCCCAGCTTGGCGTAACTAGATCTTG,TTTA,TTTACTCCGCCCCACtcttttCAGCCC,0.985958553,,,,,,,,,0,0,0
TTTACTCCGCCCCACCTCCCCCAGCCC,TACGTGCGCTGAGCGGATTTACTCtaCCCCACCTCCCCCAGCCCAGCTTGGCGTAACTAGATCTTG,TTTA,TTTACTCtaCCCCACCTCCCCCAGCCC,8.620633393,,,,,,,,,0,0,0
TTTACTCCGCCCCACCTCCCCCAGCCC,TACTCGATGTGTCGTGATTTACTCCGCCCtgttcCCCCCAGCCCAGCTTGGCGTAACTAGATCTTG,TTTA,TTTACTCCGCCCtgttcCCCCCAGCCC,2.576314482,,,,,,,,,0,0,0
TTTACTCCGCCCCACCTCCCCCAGCCC,TAGTACTATGATAGAGATTTACTCCGCCCCACCTCCCCCAGtttAGCTTGGCGTAACTAGATCTTG,TTTA,TTTACTCCGCCCCACCTCCCCCAGttt,16.70283019,,,,,,,,,0,0,0
TTTACTCCGCCCCACCTCCCCCAGCCC,TAGTCGCGACTGAGTGATTTACTCCGCCCCACCTCCCCCgatttAGCTTGGCGTAACTAGATCTTG,TTTA,TTTACTCCGCCCCACCTCCCCCgattt,16.01617833,,,,,,,,,0,0,0
TTTACTCCGCCCCACCTCCCCCAGCCC,TATGTGACTAGCTGCGATTTACTCtattttACCTCCCCCAGCCCAGCTTGGCGTAACTAGATCTTG,TTTA,TTTACTCtattttACCTCCCCCAGCCC,0.0,,,,,,,,,0,0,0
TTTACTCCGCCCCACCTCCCCCAGCCC,TCGTCACAGTGCACTGATTTACTCCGCCCtgttctCCCCAGCCCAGCTTGGCGTAACTAGATCTTG,TTTA,TTTACTCCGCCCtgttctCCCCAGCCC,2.451397543,,,,,,,,,0,0,0
TTTACTCCGCCCCACCTCCCCCAGCCC,TCTATGATATATGCTGATTTACTCCGttttACCTCCCCCAGCCCAGCTTGGCGTAACTAGATCTTG,TTTA,TTTACTCCGttttACCTCCCCCAGCCC,0.589561618,,,,,,,,,0,0,0
TTTACTCCGCCCCACCTCCCCCAGCCC,TCTGACTCAGCACGCGATTTACTCCGCCCCACCTCCtttgatCCAGCTTGGCGTAACTAGATCTTG,TTTA,TTTACTCCGCCCCACCTCCtttgatCC,7.986125649,,,,,,,,,0,0,0
TTTACTCCGCCCCACCTCCCCCAGCCC,TCTGAGTAGCAGATGGATTTACTCCGCCCCACCTttCCCAGCCCAGCTTGGCGTAACTAGATCTTG,TTTA,TTTACTCCGCCCCACCTttCCCAGCCC,4.09177064,,,,,,,,,0,0,0
TTTACTCCGCCCCACCTCCCCCAGCCC,TGACATCGACGAGCGGATTTACTCCGCCCCACCTCCCttAGCCCAGCTTGGCGTAACTAGATCTTG,TTTA,TTTACTCCGCCCCACCTCCCttAGCCC,1.530362168,,,,,,,,,0,0,0
TTTACTCCGCCCCACCTCCCCCAGCCC,TGACTCGCTACTAGTGATTTACTCCGCCCtgtCTCCCCCAGCCCAGCTTGGCGTAACTAGATCTTG,TTTA,TTTACTCCGCCCtgtCTCCCCCAGCCC,2.08011795,,,,,,,,,0,0,0
TTTACTCCGCCCCACCTCCCCCAGCCC,TGAGCGTGCGCGATAGATTTACTCCGCtttgttTCCCCCAGCCCAGCTTGGCGTAACTAGATCTTG,TTTA,TTTACTCCGCtttgttTCCCCCAGCCC,0.0,,,,,,,,,0,0,0
TTTACTCCGCCCCACCTCCCCCAGCCC,TGAGCTATCGTCTGCGATTTACTCCGCCCCACCTCCCCCAatttAGCTTGGCGTAACTAGATCTTG,TTTA,TTTACTCCGCCCCACCTCCCCCAattt,17.67916862,,,,,,,,,0,0,0
TTTACTCCGCCCCACCTCCCCCAGCCC,TGAGCTCGACTAGAGGATTTACTCCGCCCCACCTCCCCCAGCttAGCTTGGCGTAACTAGATCTTG,TTTA,TTTACTCCGCCCCACCTCCCCCAGCtt,24.58014677,,,,,,,,,0,0,0
TTTACTCCGCCCCACCTCCCCCAGCCC,TGCGACTGACTCAGTGATTTACTCCGCCCCACCTCtttCAGCCCAGCTTGGCGTAACTAGATCTTG,TTTA,TTTACTCCGCCCCACCTCtttCAGCCC,0.0,,,,,,,,,0,0,0
TTTACTCCGCCCCACCTCCCCCAGCCC,TGTCACATAGCGTCTGATTTACTCCGtttCACCTCCCCCAGCCCAGCTTGGCGTAACTAGATCTTG,TTTA,TTTACTCCGtttCACCTCCCCCAGCCC,0.0,,,,,,,,,0,0,0
TTTACTCCGCCCCACCTCCCCCAGCCC,TGTCTCACGCGTGAGGATTTACTCCGCCCtgCCTCCCCCAGCCCAGCTTGGCGTAACTAGATCTTG,TTTA,TTTACTCCGCCCtgCCTCCCCCAGCCC,0.0,,,,,,,,,0,0,0
TTTACTCTCCTAGGACCCTCCCTCTCG,ACACAGCGTGTAGCTGATTTACTCTCCTgaagttCTCCCTCTCGAGCTTGGCGTAACTAGATCTTG,TTTA,TTTACTCTCCTgaagttCTCCCTCTCG,1.448009096,,,,,,,,,1,1,1
TTTACTCTCCTAGGACCCTCCCTCTCG,ACGACTCTATCGTCTGATTTACTCctCTAGGACCCTCCCTCTCGAGCTTGGCGTAACTAGATCTTG,TTTA,TTTACTCctCTAGGACCCTCCCTCTCG,0.0,,,,,,,,,1,1,1
TTTACTCTCCTAGGACCCTCCCTCTCG,ACGCTAGCATCATGCGATTTACTCTCCTgaagCCCTCCCTCTCGAGCTTGGCGTAACTAGATCTTG,TTTA,TTTACTCTCCTgaagCCCTCCCTCTCG,0.0,,,,,,,,,1,1,1
TTTACTCTCCTAGGACCCTCCCTCTCG,ACGCTGCATCGATGAGATTTACctcttcAGGACCCTCCCTCTCGAGCTTGGCGTAACTAGATCTTG,TTTA,TTTACctcttcAGGACCCTCCCTCTCG,0.65757648,,,,,,,,,1,1,1
TTTACTCTCCTAGGACCCTCCCTCTCG,ACTAGTACGAGCACAGATTTACttcttcgGGACCCTCCCTCTCGAGCTTGGCGTAACTAGATCTTG,TTTA,TTTACttcttcgGGACCCTCCCTCTCG,4.7141107380000005,,,,,,,,,1,1,1
TTTACTCTCCTAGGACCCTCCCTCTCG,AGAGTAGTCTCACAGGATTTACTCTCCTAGagtttcCCCTCTCGAGCTTGGCGTAACTAGATCTTG,TTTA,TTTACTCTCCTAGagtttcCCCTCTCG,0.030545443,,,,,,,,,1,1,1
TTTACTCTCCTAGGACCCTCCCTCTCG,AGAGTGATCTATATCGATTTACTCTCCTAGGACCCTtttTCTCGAGCTTGGCGTAACTAGATCTTG,TTTA,TTTACTCTCCTAGGACCCTtttTCTCG,4.570680302,,,,,,,,,1,1,1
TTTACTCTCCTAGGACCCTCCCTCTCG,AGCAGTACTATCATCGATTTAtTCTCCTAGGACCtTCCCTCTCGAGCTTGGCGTAACTAGATCTTG,TTTA,TTTAtTCTCCTAGGACCtTCCCTCTCG,6.05149838,,,,,,,,,1,1,1
TTTACTCTCCTAGGACCCTCCCTCTCG,AGCGATAGACTCTCGGATTTACTCTCCTAGagCCCTCCCTCTCGAGCTTGGCGTAACTAGATCTTG,TTTA,TTTACTCTCCTAGagCCCTCCCTCTCG,4.832651296,,,,,,,,,1,1,1
TTTACTCTCCTAGGACCCTCCCTCTCG,AGCGTCGTCACATAGGATTTACttcttTAGGACCCTCCCTCTCGAGCTTGGCGTAACTAGATCTTG,TTTA,TTTACttcttTAGGACCCTCCCTCTCG,2.351596198,,,,,,,,,1,1,1
TTTACTCTCCTAGGACCCTCCCTCTCG,AGTGACTCACAGCTCGATTTACTCTCCTgaagtCCTCCCTCTCGAGCTTGGCGTAACTAGATCTTG,TTTA,TTTACTCTCCTgaagtCCTCCCTCTCG,6.525672693,,,,,,,,,1,1,1
TTTACTCTCCTAGGACCCTCCCTCTCG,ATACTATATGCTATAGATTTACTCTCCTgaaACCCTCCCTCTCGAGCTTGGCGTAACTAGATCTTG,TTTA,TTTACTCTCCTgaaACCCTCCCTCTCG,0.0,,,,,,,,,1,1,1
TTTACTCTCCTAGGACCCTCCCTCTCG,ATAGACGTAGAGTATGATTTACTCTCCTAaagttCTCCCTCTCGAGCTTGGCGTAACTAGATCTTG,TTTA,TTTACTCTCCTAaagttCTCCCTCTCG,2.4529640180000003,,,,,,,,,1,1,1
TTTACTCTCCTAGGACCCTCCCTCTCG,ATGTCGAGCTCGTATGATTTACTCTCCTAGGAtttTCCCTCTCGAGCTTGGCGTAACTAGATCTTG,TTTA,TTTACTCTCCTAGGAtttTCCCTCTCG,0.689501313,,,,,,,,,1,1,1
TTTACTCTCCTAGGACCCTCCCTCTCG,ATGTGACTATCAGACGATTTAtctctCTAGGACCCTCCCTCTCGAGCTTGGCGTAACTAGATCTTG,TTTA,TTTAtctctCTAGGACCCTCCCTCTCG,0.0,,,,,,,,,1,1,1
TTTACTCTCCTAGGACCCTCCCTCTCG,CACACTAGACGTAGCGATTTACctcttTAGGACCCTCCCTCTCGAGCTTGGCGTAACTAGATCTTG,TTTA,TTTACctcttTAGGACCCTCCCTCTCG,0.0,,,,,,,,,1,1,1
TTTACTCTCCTAGGACCCTCCCTCTCG,CACGTGCTGTCGCTCGATTTAtctTCCTAGGACCCTCCCTCTCGAGCTTGGCGTAACTAGATCTTG,TTTA,TTTAtctTCCTAGGACCCTCCCTCTCG,1.971496221,,,,,,,,,1,1,1
TTTACTCTCCTAGGACCCTCCCTCTCG,CACTCGAGTCATGACGATTTAtTCTCCTAGGACCCTCCtTCTCGAGCTTGGCGTAACTAGATCTTG,TTTA,TTTAtTCTCCTAGGACCCTCCtTCTCG,1.159141262,,,,,,,,,1,1,1
TTTACTCTCCTAGGACCCTCCCTCTCG,CAGATCATGTGCTATGATTTACTCcttcAGGACCCTCCCTCTCGAGCTTGGCGTAACTAGATCTTG,TTTA,TTTACTCcttcAGGACCCTCCCTCTCG,2.287686124,,,,,,,,,1,1,1
TTTACTCTCCTAGGACCCTCCCTCTCG,CAGCACATCGTGCTGGATTTACTCTCCTgaGACCCTCCCTCTCGAGCTTGGCGTAACTAGATCTTG,TTTA,TTTACTCTCCTgaGACCCTCCCTCTCG,4.732726914,,,,,,,,,1,1,1
TTTACTCTCCTAGGACCCTCCCTCTCG,CAGCTGCATAGTACAGATTTAtTCTtCTAGGACCCTCCCTCTCGAGCTTGGCGTAACTAGATCTTG,TTTA,TTTAtTCTtCTAGGACCCTCCCTCTCG,1.597773497,,,,,,,,,1,1,1
TTTACTCTCCTAGGACCCTCCCTCTCG,CATCTAGATACTGCAGATTTAtctcttTAGGACCCTCCCTCTCGAGCTTGGCGTAACTAGATCTTG,TTTA,TTTAtctcttTAGGACCCTCCCTCTCG,0.938094119,,,,,,,,,1,1,1
TTTACTCTCCTAGGACCCTCCCTCTCG,CATGAGCTCACAGTGGATTTACTCTCCTAaagtCCTCCCTCTCGAGCTTGGCGTAACTAGATCTTG,TTTA,TTTACTCTCCTAaagtCCTCCCTCTCG,1.6739808619999998,,,,,,,,,1,1,1
TTTACTCTCCTAGGACCCTCCCTCTCG,CGACTCAGTCTATCGGATTTACTCcttcgGGACCCTCCCTCTCGAGCTTGGCGTAACTAGATCTTG,TTTA,TTTACTCcttcgGGACCCTCCCTCTCG,0.838550308,,,,,,,,,1,1,1
TTTACTCTCCTAGGACCCTCCCTCTCG,CGTATCGAGAGCTACGATTTACTCTCCTAGGgtCCTCCCTCTCGAGCTTGGCGTAACTAGATCTTG,TTTA,TTTACTCTCCTAGGgtCCTCCCTCTCG,9.199259991,,,,,,,,,1,1,1
TTTACTCTCCTAGGACCCTCCCTCTCG,CTCGTCACGACTGCTGATTTACTCTCCcgGGACCCTCCCTCTCGAGCTTGGCGTAACTAGATCTTG,TTTA,TTTACTCTCCcgGGACCCTCCCTCTCG,0.0,,,,,,,,,1,1,1
TTTACTCTCCTAGGACCCTCCCTCTCG,CTCTACTGCAGCTCTGATTTAtTCTCCTgGGACCCTCCCTCTCGAGCTTGGCGTAACTAGATCTTG,TTTA,TTTAtTCTCCTgGGACCCTCCCTCTCG,1.056064989,,,,,,,,,1,1,1
TTTACTCTCCTAGGACCCTCCCTCTCG,CTCTGTCTGCGAGTAGATTTACTCTttcgGGACCCTCCCTCTCGAGCTTGGCGTAACTAGATCTTG,TTTA,TTTACTCTttcgGGACCCTCCCTCTCG,0.0,,,,,,,,,1,1,1
TTTACTCTCCTAGGACCCTCCCTCTCG,CTGCATGATGATATGGATTTACTCTttTAGGACCCTCCCTCTCGAGCTTGGCGTAACTAGATCTTG,TTTA,TTTACTCTttTAGGACCCTCCCTCTCG,1.803774059,,,,,,,,,1,1,1
TTTACTCTCCTAGGACCCTCCCTCTCG,CTGTAGTACATCATGGATTTACctcCCTAGGACCCTCCCTCTCGAGCTTGGCGTAACTAGATCTTG,TTTA,TTTACctcCCTAGGACCCTCCCTCTCG,0.0,,,,,,,,,1,1,1
TTTACTCTCCTAGGACCCTCCCTCTCG,GACACAGTCGAGCACGATTTACTCTCCTAGGACCCTCCCTtcCGAGCTTGGCGTAACTAGATCTTG,TTTA,TTTACTCTCCTAGGACCCTCCCTtcCG,26.35362736,,,,,,,,,1,1,1
TTTACTCTCCTAGGACCCTCCCTCTCG,GACAGAGATATCTCTGATTTACTCTCCcgaagtCCTCCCTCTCGAGCTTGGCGTAACTAGATCTTG,TTTA,TTTACTCTCCcgaagtCCTCCCTCTCG,0.0,,,,,,,,,1,1,1
TTTACTCTCCTAGGACCCTCCCTCTCG,GACGATGCACTGTGTGATTTAtctcCCTAGGACCCTCCCTCTCGAGCTTGGCGTAACTAGATCTTG,TTTA,TTTAtctcCCTAGGACCCTCCCTCTCG,1.868775105,,,,,,,,,1,1,1
TTTACTCTCCTAGGACCCTCCCTCTCG,GACGTCTCTCTCGTCGATTTAtTCTCCTAGGACCCTCCCTtTCGAGCTTGGCGTAACTAGATCTTG,TTTA,TTTAtTCTCCTAGGACCCTCCCTtTCG,2.574740742,,,,,,,,,1,1,1
TTTACTCTCCTAGGACCCTCCCTCTCG,GACGTGCACGTGCGAGATTTACTCTCCTAGGAtttctCCTCTCGAGCTTGGCGTAACTAGATCTTG,TTTA,TTTACTCTCCTAGGAtttctCCTCTCG,2.336746633,,,,,,,,,1,1,1
TTTACTCTCCTAGGACCCTCCCTCTCG,GAGCACTGACTCTGAGATTTAtTCTCCTAaGACCCTCCCTCTCGAGCTTGGCGTAACTAGATCTTG,TTTA,TTTAtTCTCCTAaGACCCTCCCTCTCG,0.0,,,,,,,,,1,1,1
TTTACTCTCCTAGGACCCTCCCTCTCG,GAGCGATACGACGCGGATTTACTCTCCcgaGACCCTCCCTCTCGAGCTTGGCGTAACTAGATCTTG,TTTA,TTTACTCTCCcgaGACCCTCCCTCTCG,2.766068307,,,,,,,,,1,1,1
TTTACTCTCCTAGGACCCTCCCTCTCG,GAGTCTATCTGCGTAGATTTACTCTCtcAGGACCCTCCCTCTCGAGCTTGGCGTAACTAGATCTTG,TTTA,TTTACTCTCtcAGGACCCTCCCTCTCG,2.141797553,,,,,,,,,1,1,1
TTTACTCTCCTAGGACCCTCCCTCTCG,GAGTGCTGTATCTGAGATTTACTCTCtcgaagCCCTCCCTCTCGAGCTTGGCGTAACTAGATCTTG,TTTA,TTTACTCTCtcgaagCCCTCCCTCTCG,0.0,,,,,,,,,1,1,1
TTTACTCTCCTAGGACCCTCCCTCTCG,GAGTGTGTATATGCTGATTTAtTCTCtTAGGACCCTCCCTCTCGAGCTTGGCGTAACTAGATCTTG,TTTA,TTTAtTCTCtTAGGACCCTCCCTCTCG,1.643425252,,,,,,,,,1,1,1
TTTACTCTCCTAGGACCCTCCCTCTCG,GATATGTCTCGCTAGGATTTACTCTCCTAGGACCCctCCTCTCGAGCTTGGCGTAACTAGATCTTG,TTTA,TTTACTCTCCTAGGACCCctCCTCTCG,0.0,,,,,,,,,1,1,1
TTTACTCTCCTAGGACCCTCCCTCTCG,GATGATCATGCTACGGATTTAtTCcCCTAGGACCCTCCCTCTCGAGCTTGGCGTAACTAGATCTTG,TTTA,TTTAtTCcCCTAGGACCCTCCCTCTCG,0.226357274,,,,,,,,,1,1,1
TTTACTCTCCTAGGACCCTCCCTCTCG,GATGCGCGCAGTGCTGATTTACctTCCTAGGACCCTCCCTCTCGAGCTTGGCGTAACTAGATCTTG,TTTA,TTTACctTCCTAGGACCCTCCCTCTCG,2.719210888,,,,,,,,,1,1,1
TTTACTCTCCTAGGACCCTCCCTCTCG,GATGCTATGACTATAGATTTAtTtTCCTAGGACCCTCCCTCTCGAGCTTGGCGTAACTAGATCTTG,TTTA,TTTAtTtTCCTAGGACCCTCCCTCTCG,1.978963349,,,,,,,,,1,1,1
TTTACTCTCCTAGGACCCTCCCTCTCG,GCTATGCATACTAGTGATTTACTCTCCTAGGgttCTCCCTCTCGAGCTTGGCGTAACTAGATCTTG,TTTA,TTTACTCTCCTAGGgttCTCCCTCTCG,0.6781257359999999,,,,,,,,,1,1,1
TTTACTCTCCTAGGACCCTCCCTCTCG,GCTGTGCGAGTCTGAGATTTACTCTCCTAGGACCtctttTCTCGAGCTTGGCGTAACTAGATCTTG,TTTA,TTTACTCTCCTAGGACCtctttTCTCG,0.812332006,,,,,,,,,1,1,1
TTTACTCTCCTAGGACCCTCCCTCTCG,GTAGAGCACGAGACAGATTTAtTCTCCTAGGACCCTtCCTCTCGAGCTTGGCGTAACTAGATCTTG,TTTA,TTTAtTCTCCTAGGACCCTtCCTCTCG,5.5434850860000005,,,,,,,,,1,1,1
TTTACTCTCCTAGGACCCTCCCTCTCG,GTATGTGAGATCGAGGATTTACTCTCCTAaagCCCTCCCTCTCGAGCTTGGCGTAACTAGATCTTG,TTTA,TTTACTCTCCTAaagCCCTCCCTCTCG,7.873477886,,,,,,,,,1,1,1
TTTACTCTCCTAGGACCCTCCCTCTCG,GTCTACTCTCATCGAGATTTACTCTCCTAGGAtttcttCTCTCGAGCTTGGCGTAACTAGATCTTG,TTTA,TTTACTCTCCTAGGAtttcttCTCTCG,0.0,,,,,,,,,1,1,1
TTTACTCTCCTAGGACCCTCCCTCTCG,GTGACTAGTACACGCGATTTACTCTCCcgaaACCCTCCCTCTCGAGCTTGGCGTAACTAGATCTTG,TTTA,TTTACTCTCCcgaaACCCTCCCTCTCG,1.53751721,,,,,,,,,1,1,1
TTTACTCTCCTAGGACCCTCCCTCTCG,GTGTGCTCTGCGTCTGATTTACTCTCCTAGGACttcCCCTCTCGAGCTTGGCGTAACTAGATCTTG,TTTA,TTTACTCTCCTAGGACttcCCCTCTCG,0.0,,,,,,,,,1,1,1
TTTACTCTCCTAGGACCCTCCCTCTCG,TACAGCATACAGTATGATTTAtTCTCCTAGGgCCCTCCCTCTCGAGCTTGGCGTAACTAGATCTTG,TTTA,TTTAtTCTCCTAGGgCCCTCCCTCTCG,0.959129862,,,,,,,,,1,1,1
TTTACTCTCCTAGGACCCTCCCTCTCG,TACGCTAGTACTAGTGATTTAtTCTCCTAGGAtCCTCCCTCTCGAGCTTGGCGTAACTAGATCTTG,TTTA,TTTAtTCTCCTAGGAtCCTCCCTCTCG,1.317125828,,,,,,,,,1,1,1
TTTACTCTCCTAGGACCCTCCCTCTCG,TACTATACAGTCGCGGATTTAtTCTCCTAGGACCCTCCCTCcCGAGCTTGGCGTAACTAGATCTTG,TTTA,TTTAtTCTCCTAGGACCCTCCCTCcCG,0.0,,,,,,,,,1,1,1
TTTACTCTCCTAGGACCCTCCCTCTCG,TAGATCTATAGCTGTGATTTAtTCTCCcAGGACCCTCCCTCTCGAGCTTGGCGTAACTAGATCTTG,TTTA,TTTAtTCTCCcAGGACCCTCCCTCTCG,0.0,,,,,,,,,1,1,1
TTTACTCTCCTAGGACCCTCCCTCTCG,TAGTCGACAGAGTCTGATTTACTCTCCTAGGACttctttTCTCGAGCTTGGCGTAACTAGATCTTG,TTTA,TTTACTCTCCTAGGACttctttTCTCG,10.89427338,,,,,,,,,1,1,1
TTTACTCTCCTAGGACCCTCCCTCTCG,TAGTGATGCTGAGCAGATTTACTCcttTAGGACCCTCCCTCTCGAGCTTGGCGTAACTAGATCTTG,TTTA,TTTACTCcttTAGGACCCTCCCTCTCG,0.0,,,,,,,,,1,1,1
TTTACTCTCCTAGGACCCTCCCTCTCG,TATAGACACATCGTAGATTTAtTCTCCTAGGACCCTCCCTCTtGAGCTTGGCGTAACTAGATCTTG,TTTA,TTTAtTCTCCTAGGACCCTCCCTCTtG,13.88391033,,,,,,,,,1,1,1
TTTACTCTCCTAGGACCCTCCCTCTCG,TCAGTGATCGTGATAGATTTACTCTCCTAaagtttTCCCTCTCGAGCTTGGCGTAACTAGATCTTG,TTTA,TTTACTCTCCTAaagtttTCCCTCTCG,1.620144236,,,,,,,,,1,1,1
TTTACTCTCCTAGGACCCTCCCTCTCG,TCATGCTATATAGTCGATTTACTCTCCTAGagtCCTCCCTCTCGAGCTTGGCGTAACTAGATCTTG,TTTA,TTTACTCTCCTAGagtCCTCCCTCTCG,6.830076962000001,,,,,,,,,1,1,1
TTTACTCTCCTAGGACCCTCCCTCTCG,TCGTGTGATCACTGAGATTTACTCTCCTAGGAtttcCCCTCTCGAGCTTGGCGTAACTAGATCTTG,TTTA,TTTACTCTCCTAGGAtttcCCCTCTCG,0.0,,,,,,,,,1,1,1
TTTACTCTCCTAGGACCCTCCCTCTCG,TCTACAGCTGCGCGCGATTTACTCTCCTAGGgtttctCCTCTCGAGCTTGGCGTAACTAGATCTTG,TTTA,TTTACTCTCCTAGGgtttctCCTCTCG,2.524834282,,,,,,,,,1,1,1
TTTACTCTCCTAGGACCCTCCCTCTCG,TGATAGTCGAGTCACGATTTACTCcttcgaGACCCTCCCTCTCGAGCTTGGCGTAACTAGATCTTG,TTTA,TTTACTCcttcgaGACCCTCCCTCTCG,0.159653558,,,,,,,,,1,1,1
TTTACTCTCCTAGGACCCTCCCTCTCG,TGCTCACAGAGCACAGATTTACTCTttcgaaACCCTCCCTCTCGAGCTTGGCGTAACTAGATCTTG,TTTA,TTTACTCTttcgaaACCCTCCCTCTCG,3.3800950760000004,,,,,,,,,1,1,1
TTTACTCTCCTAGGACCCTCCCTCTCG,TGTAGCATGTGTATGGATTTACTtcCCTAGGACCCTCCCTCTCGAGCTTGGCGTAACTAGATCTTG,TTTA,TTTACTtcCCTAGGACCCTCCCTCTCG,0.293512484,,,,,,,,,1,1,1
TTTACTGATGGTCCATGTCTGTTACTC,ACATGTCACAGTCACGATTTACTGgcaactCATGTCTGTTACTCAGCTTGGCGTAACTAGATCTTG,TTTA,TTTACTGgcaactCATGTCTGTTACTC,3.290464162,,,,,,,,,2,2,1
TTTACTGATGGTCCATGTCTGTTACTC,ACGAGTACTATCTGTGATTTACTGATaacCCATGTCTGTTACTCAGCTTGGCGTAACTAGATCTTG,TTTA,TTTACTGATaacCCATGTCTGTTACTC,0.0,,,,,,,,,2,2,1
TTTACTGATGGTCCATGTCTGTTACTC,ACGAGTATCTGCGTGGATTTAtTGATGGTCCgTGTCTGTTACTCAGCTTGGCGTAACTAGATCTTG,TTTA,TTTAtTGATGGTCCgTGTCTGTTACTC,0.0,,,,,,,,,2,2,1
TTTACTGATGGTCCATGTCTGTTACTC,ACGATAGTCGCAGATGATTTACTGATGGTCCATGTCcaccgCTCAGCTTGGCGTAACTAGATCTTG,TTTA,TTTACTGATGGTCCATGTCcaccgCTC,2.879628629,,,,,,,,,2,2,1
TTTACTGATGGTCCATGTCTGTTACTC,ACGCGTGCGCGATATGATTTACTGATGGcttgcaTCTGTTACTCAGCTTGGCGTAACTAGATCTTG,TTTA,TTTACTGATGGcttgcaTCTGTTACTC,0.0,,,,,,,,,2,2,1
TTTACTGATGGTCCATGTCTGTTACTC,ACGTCGCTCAGTGCAGATTTACTGATaactCATGTCTGTTACTCAGCTTGGCGTAACTAGATCTTG,TTTA,TTTACTGATaactCATGTCTGTTACTC,0.0,,,,,,,,,2,2,1
TTTACTGATGGTCCATGTCTGTTACTC,ACTACGAGACACGCAGATTTACTGATGGTCCATGTCTGccACTCAGCTTGGCGTAACTAGATCTTG,TTTA,TTTACTGATGGTCCATGTCTGccACTC,5.540620398,,,,,,,,,2,2,1
TTTACTGATGGTCCATGTCTGTTACTC,ACTGCTATGCGCTAGGATTTAtTGATGaTCCATGTCTGTTACTCAGCTTGGCGTAACTAGATCTTG,TTTA,TTTAtTGATGaTCCATGTCTGTTACTC,5.744750343,,,,,,,,,2,2,1
TTTACTGATGGTCCATGTCTGTTACTC,AGACGACTCATGCTAGATTTAtTGATGGTCCATGTCTGTTAtTCAGCTTGGCGTAACTAGATCTTG,TTTA,TTTAtTGATGGTCCATGTCTGTTAtTC,3.18837847,,,,,,,,,2,2,1
TTTACTGATGGTCCATGTCTGTTACTC,AGACTGACAGTAGCTGATTTACTGATGGTCCATGctcGTTACTCAGCTTGGCGTAACTAGATCTTG,TTTA,TTTACTGATGGTCCATGctcGTTACTC,12.67543034,,,,,,,,,2,2,1
TTTACTGATGGTCCATGTCTGTTACTC,AGAGACGCGTACTCGGATTTACTGATGGTCtgcactTGTTACTCAGCTTGGCGTAACTAGATCTTG,TTTA,TTTACTGATGGTCtgcactTGTTACTC,0.124802836,,,,,,,,,2,2,1
TTTACTGATGGTCCATGTCTGTTACTC,AGAGCACGCAGACACGATTTACTGgcGGTCCATGTCTGTTACTCAGCTTGGCGTAACTAGATCTTG,TTTA,TTTACTGgcGGTCCATGTCTGTTACTC,7.00525202,,,,,,,,,2,2,1
TTTACTGATGGTCCATGTCTGTTACTC,AGCACTCGCACTGCAGATTTAtTGATGGTCCATGTCcGTTACTCAGCTTGGCGTAACTAGATCTTG,TTTA,TTTAtTGATGGTCCATGTCcGTTACTC,0.0014553270000000002,,,,,,,,,2,2,1
TTTACTGATGGTCCATGTCTGTTACTC,AGTAGATGCGCAGAGGATTTACTGATGGTCCgcactcGTTACTCAGCTTGGCGTAACTAGATCTTG,TTTA,TTTACTGATGGTCCgcactcGTTACTC,0.021100484,,,,,,,,,2,2,1
TTTACTGATGGTCCATGTCTGTTACTC,AGTGCTGATCAGTGCGATTTAtcagTGGTCCATGTCTGTTACTCAGCTTGGCGTAACTAGATCTTG,TTTA,TTTAtcagTGGTCCATGTCTGTTACTC,0.0,,,,,,,,,2,2,1
TTTACTGATGGTCCATGTCTGTTACTC,AGTGTGAGCATAGATGATTTAtTGATGGTCCATGTCTGTTACcCAGCTTGGCGTAACTAGATCTTG,TTTA,TTTAtTGATGGTCCATGTCTGTTACcC,1.745709255,,,,,,,,,2,2,1
TTTACTGATGGTCCATGTCTGTTACTC,ATACACGATGTCATCGATTTACTGATGGTCCATGTCTacTACTCAGCTTGGCGTAACTAGATCTTG,TTTA,TTTACTGATGGTCCATGTCTacTACTC,21.4838613,,,,,,,,,2,2,1
TTTACTGATGGTCCATGTCTGTTACTC,ATAGTACTGTGACTAGATTTAtTGATGGTCCATGTCTGTTgCTCAGCTTGGCGTAACTAGATCTTG,TTTA,TTTAtTGATGGTCCATGTCTGTTgCTC,4.713693821000001,,,,,,,,,2,2,1
TTTACTGATGGTCCATGTCTGTTACTC,ATATGCGCTACATGAGATTTACTGATGGTCCgcaTCTGTTACTCAGCTTGGCGTAACTAGATCTTG,TTTA,TTTACTGATGGTCCgcaTCTGTTACTC,3.231837882,,,,,,,,,2,2,1
TTTACTGATGGTCCATGTCTGTTACTC,ATCGTCAGTAGACACGATTTACTGAcaacCCATGTCTGTTACTCAGCTTGGCGTAACTAGATCTTG,TTTA,TTTACTGAcaacCCATGTCTGTTACTC,0.0,,,,,,,,,2,2,1
TTTACTGATGGTCCATGTCTGTTACTC,ATCGTGACACTACACGATTTACTGATGGTCtgTGTCTGTTACTCAGCTTGGCGTAACTAGATCTTG,TTTA,TTTACTGATGGTCtgTGTCTGTTACTC,12.56304002,,,,,,,,,2,2,1
TTTACTGATGGTCCATGTCTGTTACTC,ATGACGTCACAGACGGATTTAtTGATGGTCCATaTCTGTTACTCAGCTTGGCGTAACTAGATCTTG,TTTA,TTTAtTGATGGTCCATaTCTGTTACTC,0.0,,,,,,,,,2,2,1
TTTACTGATGGTCCATGTCTGTTACTC,ATGATCGCAGCGCTAGATTTAtTGATGGTtCATGTCTGTTACTCAGCTTGGCGTAACTAGATCTTG,TTTA,TTTAtTGATGGTtCATGTCTGTTACTC,1.53935385,,,,,,,,,2,2,1
TTTACTGATGGTCCATGTCTGTTACTC,ATGCGTGCACGTGCGGATTTACcagTGGTCCATGTCTGTTACTCAGCTTGGCGTAACTAGATCTTG,TTTA,TTTACcagTGGTCCATGTCTGTTACTC,0.0,,,,,,,,,2,2,1
TTTACTGATGGTCCATGTCTGTTACTC,CACATGTAGAGTCGCGATTTAtTGATaGTCCATGTCTGTTACTCAGCTTGGCGTAACTAGATCTTG,TTTA,TTTAtTGATaGTCCATGTCTGTTACTC,1.769165965,,,,,,,,,2,2,1
TTTACTGATGGTCCATGTCTGTTACTC,CACGACGCGTCGAGCGATTTACTGgcaacCCATGTCTGTTACTCAGCTTGGCGTAACTAGATCTTG,TTTA,TTTACTGgcaacCCATGTCTGTTACTC,2.455400476,,,,,,,,,2,2,1
TTTACTGATGGTCCATGTCTGTTACTC,CACGTAGAGCTGCTAGATTTACTGATGGTCCATGTCTGTTAtcCAGCTTGGCGTAACTAGATCTTG,TTTA,TTTACTGATGGTCCATGTCTGTTAtcC,54.34614801,,,,,,,,,2,2,1
TTTACTGATGGTCCATGTCTGTTACTC,CACTAGTGTGTGATCGATTTAtTGATGGTCCATGcCTGTTACTCAGCTTGGCGTAACTAGATCTTG,TTTA,TTTAtTGATGGTCCATGcCTGTTACTC,2.816868593,,,,,,,,,2,2,1
TTTACTGATGGTCCATGTCTGTTACTC,CAGCATATCATCGAGGATTTACTGATGGTCCgcactTGTTACTCAGCTTGGCGTAACTAGATCTTG,TTTA,TTTACTGATGGTCCgcactTGTTACTC,1.077145315,,,,,,,,,2,2,1
TTTACTGATGGTCCATGTCTGTTACTC,CAGTATCACGATCAGGATTTACTGATGacttgTGTCTGTTACTCAGCTTGGCGTAACTAGATCTTG,TTTA,TTTACTGATGacttgTGTCTGTTACTC,4.439349286000001,,,,,,,,,2,2,1
TTTACTGATGGTCCATGTCTGTTACTC,CATCATGACAGTCGCGATTTACTGATGGTCCATGTCcaTTACTCAGCTTGGCGTAACTAGATCTTG,TTTA,TTTACTGATGGTCCATGTCcaTTACTC,12.17256973,,,,,,,,,2,2,1
TTTACTGATGGTCCATGTCTGTTACTC,CATCGACTGTCATGAGATTTACTGATGGTCCATGctcaTTACTCAGCTTGGCGTAACTAGATCTTG,TTTA,TTTACTGATGGTCCATGctcaTTACTC,0.0,,,,,,,,,2,2,1
TTTACTGATGGTCCATGTCTGTTACTC,CGACTGTAGCACATCGATTTAtTGATGGTCtATGTCTGTTACTCAGCTTGGCGTAACTAGATCTTG,TTTA,TTTAtTGATGGTCtATGTCTGTTACTC,0.941989752,,,,,,,,,2,2,1
TTTACTGATGGTCCATGTCTGTTACTC,CGCATCTGCGTCTCTGATTTACTGATGGTCCATGTtcatcgCTCAGCTTGGCGTAACTAGATCTTG,TTTA,TTTACTGATGGTCCATGTtcatcgCTC,0.5249040979999999,,,,,,,,,2,2,1
TTTACTGATGGTCCATGTCTGTTACTC,CGCATGTGAGTAGTGGATTTAtTGATGGTCCATGTCTGTcACTCAGCTTGGCGTAACTAGATCTTG,TTTA,TTTAtTGATGGTCCATGTCTGTcACTC,1.643362657,,,,,,,,,2,2,1
TTTACTGATGGTCCATGTCTGTTACTC,CGCTCGCGACATGCAGATTTACTGATGGTttgcaTCTGTTACTCAGCTTGGCGTAACTAGATCTTG,TTTA,TTTACTGATGGTttgcaTCTGTTACTC,0.0,,,,,,,,,2,2,1
TTTACTGATGGTCCATGTCTGTTACTC,CGCTCGTAGTATCGTGATTTACTagcGGTCCATGTCTGTTACTCAGCTTGGCGTAACTAGATCTTG,TTTA,TTTACTagcGGTCCATGTCTGTTACTC,0.0,,,,,,,,,2,2,1
TTTACTGATGGTCCATGTCTGTTACTC,CGCTGCACTGCAGTAGATTTACTGATGGTCCAcactTGTTACTCAGCTTGGCGTAACTAGATCTTG,TTTA,TTTACTGATGGTCCAcactTGTTACTC,5.593907925,,,,,,,,,2,2,1
TTTACTGATGGTCCATGTCTGTTACTC,CGTCGTAGCAGTGCAGATTTAtcagcaGTCCATGTCTGTTACTCAGCTTGGCGTAACTAGATCTTG,TTTA,TTTAtcagcaGTCCATGTCTGTTACTC,1.986217475,,,,,,,,,2,2,1
TTTACTGATGGTCCATGTCTGTTACTC,CGTGACTATCACGCTGATTTACTGATGGctCATGTCTGTTACTCAGCTTGGCGTAACTAGATCTTG,TTTA,TTTACTGATGGctCATGTCTGTTACTC,8.73594503,,,,,,,,,2,2,1
TTTACTGATGGTCCATGTCTGTTACTC,CTCGATGATGTCACTGATTTACTGAcaacttATGTCTGTTACTCAGCTTGGCGTAACTAGATCTTG,TTTA,TTTACTGAcaacttATGTCTGTTACTC,0.35155904,,,,,,,,,2,2,1
TTTACTGATGGTCCATGTCTGTTACTC,CTCTCGTGTAGCGCGGATTTACTGgcaaTCCATGTCTGTTACTCAGCTTGGCGTAACTAGATCTTG,TTTA,TTTACTGgcaaTCCATGTCTGTTACTC,1.867341075,,,,,,,,,2,2,1
TTTACTGATGGTCCATGTCTGTTACTC,CTGAGTGCGTGACTAGATTTACTGATGacttgcGTCTGTTACTCAGCTTGGCGTAACTAGATCTTG,TTTA,TTTACTGATGacttgcGTCTGTTACTC,0.675120932,,,,,,,,,2,2,1
TTTACTGATGGTCCATGTCTGTTACTC,CTGCATCGCTGATATGATTTAtTGgTGGTCCATGTCTGTTACTCAGCTTGGCGTAACTAGATCTTG,TTTA,TTTAtTGgTGGTCCATGTCTGTTACTC,3.89178026,,,,,,,,,2,2,1
TTTACTGATGGTCCATGTCTGTTACTC,GAGATCTAGAGATGTGATTTACTGATGGTCCATGTtcatcACTCAGCTTGGCGTAACTAGATCTTG,TTTA,TTTACTGATGGTCCATGTtcatcACTC,0.896315748,,,,,,,,,2,2,1
TTTACTGATGGTCCATGTCTGTTACTC,GATAGCGTAGACAGTGATTTACTGATGGTCtgcacCTGTTACTCAGCTTGGCGTAACTAGATCTTG,TTTA,TTTACTGATGGTCtgcacCTGTTACTC,0.0,,,,,,,,,2,2,1
TTTACTGATGGTCCATGTCTGTTACTC,GATCACGTCACGCGTGATTTACTGATGGTCCATGTCTGTcgCTCAGCTTGGCGTAACTAGATCTTG,TTTA,TTTACTGATGGTCCATGTCTGTcgCTC,15.51464873,,,,,,,,,2,2,1
TTTACTGATGGTCCATGTCTGTTACTC,GCACGACGTGCGTCAGATTTAtTaATGGTCCATGTCTGTTACTCAGCTTGGCGTAACTAGATCTTG,TTTA,TTTAtTaATGGTCCATGTCTGTTACTC,0.0,,,,,,,,,2,2,1
TTTACTGATGGTCCATGTCTGTTACTC,GCGAGCACTAGCGTCGATTTAtTGATGGTCCATGTCTaTTACTCAGCTTGGCGTAACTAGATCTTG,TTTA,TTTAtTGATGGTCCATGTCTaTTACTC,0.0,,,,,,,,,2,2,1
TTTACTGATGGTCCATGTCTGTTACTC,GCGATGTCATGTGAGGATTTACTGATGGTCCgcacCTGTTACTCAGCTTGGCGTAACTAGATCTTG,TTTA,TTTACTGATGGTCCgcacCTGTTACTC,7.847009082,,,,,,,,,2,2,1
TTTACTGATGGTCCATGTCTGTTACTC,GCTCGCGATCGATGTGATTTACTGATGGTCtgcGTCTGTTACTCAGCTTGGCGTAACTAGATCTTG,TTTA,TTTACTGATGGTCtgcGTCTGTTACTC,0.0,,,,,,,,,2,2,1
TTTACTGATGGTCCATGTCTGTTACTC,GCTGATATGTGCGTGGATTTACTGgcaGTCCATGTCTGTTACTCAGCTTGGCGTAACTAGATCTTG,TTTA,TTTACTGgcaGTCCATGTCTGTTACTC,5.10913565,,,,,,,,,2,2,1
TTTACTGATGGTCCATGTCTGTTACTC,GCTGCGCACTGATCAGATTTACTagTGGTCCATGTCTGTTACTCAGCTTGGCGTAACTAGATCTTG,TTTA,TTTACTagTGGTCCATGTCTGTTACTC,5.636412321,,,,,,,,,2,2,1
TTTACTGATGGTCCATGTCTGTTACTC,GTACAGTATATCTAGGATTTACTGATGGTCCATacCTGTTACTCAGCTTGGCGTAACTAGATCTTG,TTTA,TTTACTGATGGTCCATacCTGTTACTC,5.334950393,,,,,,,,,2,2,1
TTTACTGATGGTCCATGTCTGTTACTC,GTAGCACGAGATATAGATTTACTGAcaGTCCATGTCTGTTACTCAGCTTGGCGTAACTAGATCTTG,TTTA,TTTACTGAcaGTCCATGTCTGTTACTC,9.580922158,,,,,,,,,2,2,1
TTTACTGATGGTCCATGTCTGTTACTC,GTAGTCTCAGTGTGTGATTTACTGATGacttATGTCTGTTACTCAGCTTGGCGTAACTAGATCTTG,TTTA,TTTACTGATGacttATGTCTGTTACTC,6.42724753,,,,,,,,,2,2,1
TTTACTGATGGTCCATGTCTGTTACTC,GTCTCGTGTGCGTCGGATTTACTGATGGTCCATGTCTGTTgtTCAGCTTGGCGTAACTAGATCTTG,TTTA,TTTACTGATGGTCCATGTCTGTTgtTC,25.70003523,,,,,,,,,2,2,1
TTTACTGATGGTCCATGTCTGTTACTC,GTCTGACGACTCTATGATTTACcagcaGTCCATGTCTGTTACTCAGCTTGGCGTAACTAGATCTTG,TTTA,TTTACcagcaGTCCATGTCTGTTACTC,0.0,,,,,,,,,2,2,1
TTTACTGATGGTCCATGTCTGTTACTC,GTGTAGCGCAGCAGAGATTTACTGATGGTCCATGTCTGTTACctAGCTTGGCGTAACTAGATCTTG,TTTA,TTTACTGATGGTCCATGTCTGTTACct,46.33387322,,,,,,,,,2,2,1
TTTACTGATGGTCCATGTCTGTTACTC,GTGTCGAGTCATCTCGATTTACTGATGGTCCATGTCcaccgtTCAGCTTGGCGTAACTAGATCTTG,TTTA,TTTACTGATGGTCCATGTCcaccgtTC,0.0,,,,,,,,,2,2,1
TTTACTGATGGTCCATGTCTGTTACTC,GTGTGAGTCGCAGCTGATTTACTGATGGTCCATGTCTGTcgtTCAGCTTGGCGTAACTAGATCTTG,TTTA,TTTACTGATGGTCCATGTCTGTcgtTC,26.26159584,,,,,,,,,2,2,1
TTTACTGATGGTCCATGTCTGTTACTC,TACTGCGTCTCATACGATTTACTGATGGTCCATGctTGTTACTCAGCTTGGCGTAACTAGATCTTG,TTTA,TTTACTGATGGTCCATGctTGTTACTC,1.024733608,,,,,,,,,2,2,1
TTTACTGATGGTCCATGTCTGTTACTC,TACTGTCATGACTCGGATTTACTGAcaaTCCATGTCTGTTACTCAGCTTGGCGTAACTAGATCTTG,TTTA,TTTACTGAcaaTCCATGTCTGTTACTC,4.514389383,,,,,,,,,2,2,1
TTTACTGATGGTCCATGTCTGTTACTC,TAGAGATGTCTGATGGATTTACTGATGGTCCgcGTCTGTTACTCAGCTTGGCGTAACTAGATCTTG,TTTA,TTTACTGATGGTCCgcGTCTGTTACTC,2.056256276,,,,,,,,,2,2,1
TTTACTGATGGTCCATGTCTGTTACTC,TAGATATAGCACGCAGATTTACTGATGGTCCATGTCTaccgtTCAGCTTGGCGTAACTAGATCTTG,TTTA,TTTACTGATGGTCCATGTCTaccgtTC,4.33706418,,,,,,,,,2,2,1
TTTACTGATGGTCCATGTCTGTTACTC,TAGTCAGTGTCGTATGATTTACTGATGGTCCATGTCcaccACTCAGCTTGGCGTAACTAGATCTTG,TTTA,TTTACTGATGGTCCATGTCcaccACTC,0.514337446,,,,,,,,,2,2,1
TTTACTGATGGTCCATGTCTGTTACTC,TATAGATCACGACGCGATTTACTGATGGTCtgcaTCTGTTACTCAGCTTGGCGTAACTAGATCTTG,TTTA,TTTACTGATGGTCtgcaTCTGTTACTC,0.0,,,,,,,,,2,2,1
TTTACTGATGGTCCATGTCTGTTACTC,TATCAGTGCGTGTGTGATTTACTGATGGTCCATactcaTTACTCAGCTTGGCGTAACTAGATCTTG,TTTA,TTTACTGATGGTCCATactcaTTACTC,9.59140507,,,,,,,,,2,2,1
TTTACTGATGGTCCATGTCTGTTACTC,TATCATCTGCAGACGGATTTACcagcaaTCCATGTCTGTTACTCAGCTTGGCGTAACTAGATCTTG,TTTA,TTTACcagcaaTCCATGTCTGTTACTC,0.389530313,,,,,,,,,2,2,1
TTTACTGATGGTCCATGTCTGTTACTC,TATGAGTACTCGCGCGATTTACTGATGGTttATGTCTGTTACTCAGCTTGGCGTAACTAGATCTTG,TTTA,TTTACTGATGGTttATGTCTGTTACTC,1.106639839,,,,,,,,,2,2,1
TTTACTGATGGTCCATGTCTGTTACTC,TATGCGACACAGTATGATTTACTagcaacCCATGTCTGTTACTCAGCTTGGCGTAACTAGATCTTG,TTTA,TTTACTagcaacCCATGTCTGTTACTC,0.0,,,,,,,,,2,2,1
TTTACTGATGGTCCATGTCTGTTACTC,TATGTATGTCGTCGTGATTTACTGATGGTCCATactTGTTACTCAGCTTGGCGTAACTAGATCTTG,TTTA,TTTACTGATGGTCCATactTGTTACTC,0.609812906,,,,,,,,,2,2,1
TTTACTGATGGTCCATGTCTGTTACTC,TCACTCTCAGCGTGTGATTTACTGATGGTttgcacCTGTTACTCAGCTTGGCGTAACTAGATCTTG,TTTA,TTTACTGATGGTttgcacCTGTTACTC,5.079522109,,,,,,,,,2,2,1
TTTACTGATGGTCCATGTCTGTTACTC,TCAGATATAGCTATCGATTTAtTGATGGTCCATGTtTGTTACTCAGCTTGGCGTAACTAGATCTTG,TTTA,TTTAtTGATGGTCCATGTtTGTTACTC,3.891922369,,,,,,,,,2,2,1
TTTACTGATGGTCCATGTCTGTTACTC,TCATCACGACAGTCAGATTTACTagcaGTCCATGTCTGTTACTCAGCTTGGCGTAACTAGATCTTG,TTTA,TTTACTagcaGTCCATGTCTGTTACTC,0.0,,,,,,,,,2,2,1
TTTACTGATGGTCCATGTCTGTTACTC,TCGTCGCGCACACGTGATTTACTGATGGTttgTGTCTGTTACTCAGCTTGGCGTAACTAGATCTTG,TTTA,TTTACTGATGGTttgTGTCTGTTACTC,1.373039692,,,,,,,,,2,2,1
TTTACTGATGGTCCATGTCTGTTACTC,TCTCATCATATCTCGGATTTACTGATGGTCCAcactcaTTACTCAGCTTGGCGTAACTAGATCTTG,TTTA,TTTACTGATGGTCCAcactcaTTACTC,0.0,,,,,,,,,2,2,1
TTTACTGATGGTCCATGTCTGTTACTC,TCTCGCGCACTGCTAGATTTACTGATGGTCCAcacCTGTTACTCAGCTTGGCGTAACTAGATCTTG,TTTA,TTTACTGATGGTCCAcacCTGTTACTC,2.62233439,,,,,,,,,2,2,1
TTTACTGATGGTCCATGTCTGTTACTC,TGAGCATCACACTAGGATTTACTGATGGTCCATGTCTaccgCTCAGCTTGGCGTAACTAGATCTTG,TTTA,TTTACTGATGGTCCATGTCTaccgCTC,8.358000179,,,,,,,,,2,2,1
TTTACTGATGGTCCATGTCTGTTACTC,TGATAGCATGCACAGGATTTAtTGATGGTCCAcGTCTGTTACTCAGCTTGGCGTAACTAGATCTTG,TTTA,TTTAtTGATGGTCCAcGTCTGTTACTC,0.686248009,,,,,,,,,2,2,1
TTTACTGATGGTCCATGTCTGTTACTC,TGATCGATGCGAGAGGATTTACcaATGGTCCATGTCTGTTACTCAGCTTGGCGTAACTAGATCTTG,TTTA,TTTACcaATGGTCCATGTCTGTTACTC,1.279349257,,,,,,,,,2,2,1
TTTACTGATGGTCCATGTCTGTTACTC,TGATGTGCTATACTCGATTTACTGAcaactCATGTCTGTTACTCAGCTTGGCGTAACTAGATCTTG,TTTA,TTTACTGAcaactCATGTCTGTTACTC,0.7559572859999999,,,,,,,,,2,2,1
TTTACTGATGGTCCATGTCTGTTACTC,TGCGTACTGTGACTCGATTTACTGATGGcttgTGTCTGTTACTCAGCTTGGCGTAACTAGATCTTG,TTTA,TTTACTGATGGcttgTGTCTGTTACTC,8.403848714,,,,,,,,,2,2,1
TTTACTGATGGTCCATGTCTGTTACTC,TGCTCAGACACAGTGGATTTACTGATaacttATGTCTGTTACTCAGCTTGGCGTAACTAGATCTTG,TTTA,TTTACTGATaacttATGTCTGTTACTC,1.037377257,,,,,,,,,2,2,1
TTTACTGATGGTCCATGTCTGTTACTC,TGTCGCGTCTACAGTGATTTACcagcGGTCCATGTCTGTTACTCAGCTTGGCGTAACTAGATCTTG,TTTA,TTTACcagcGGTCCATGTCTGTTACTC,0.0,,,,,,,,,2,2,1
